2025-06-25 10:29:17,021 CRIT Supervisor is running as root.  Privileges were not dropped because no user is specified in the config file.  If you intend to run as root, you can set user=root in the config file to avoid this message.
2025-06-25 10:29:17,021 INFO supervisord started with pid 1
2025-06-25 10:29:18,023 INFO spawned: 'php-service' with pid 9
2025-06-25 10:29:18,024 INFO spawned: 'report_metrics' with pid 10
2025-06-25 10:29:20,210 INFO success: report_metrics entered RUNNING state, process has stayed up for > than 2 seconds (startsecs)
2025-06-25 10:29:21,211 INFO success: php-service entered RUNNING state, process has stayed up for > than 3 seconds (startsecs)
2025-06-25 10:56:44,597 WARN received SIGTERM indicating exit request
2025-06-25 10:56:44,597 INFO waiting for php-service, report_metrics to die
2025-06-25 10:56:44,598 WARN stopped: report_metrics (terminated by SIGTERM)
2025-06-25 10:56:45,599 WARN stopped: php-service (terminated by SIGTERM)
2025-06-25 17:24:17,260 CRIT Supervisor is running as root.  Privileges were not dropped because no user is specified in the config file.  If you intend to run as root, you can set user=root in the config file to avoid this message.
2025-06-25 17:24:17,261 INFO supervisord started with pid 1
2025-06-25 17:24:18,263 INFO spawned: 'php-service' with pid 9
2025-06-25 17:24:18,264 INFO spawned: 'report_metrics' with pid 10
2025-06-25 17:24:20,451 INFO success: report_metrics entered RUNNING state, process has stayed up for > than 2 seconds (startsecs)
2025-06-25 17:24:21,452 INFO success: php-service entered RUNNING state, process has stayed up for > than 3 seconds (startsecs)
2025-06-25 17:27:23,976 WARN received SIGTERM indicating exit request
2025-06-25 17:27:23,976 INFO waiting for php-service, report_metrics to die
2025-06-25 17:27:23,977 WARN stopped: report_metrics (terminated by SIGTERM)
2025-06-25 17:27:24,978 WARN stopped: php-service (terminated by SIGTERM)
2025-06-25 17:27:24,978 INFO reaped unknown pid 241 (exit status 2)
2025-06-25 17:27:27,385 CRIT Supervisor is running as root.  Privileges were not dropped because no user is specified in the config file.  If you intend to run as root, you can set user=root in the config file to avoid this message.
2025-06-25 17:27:27,386 INFO supervisord started with pid 1
2025-06-25 17:27:28,388 INFO spawned: 'php-service' with pid 9
2025-06-25 17:27:28,389 INFO spawned: 'report_metrics' with pid 10
2025-06-25 17:27:29,574 WARN exited: report_metrics (exit status 255; not expected)
2025-06-25 17:27:30,576 INFO spawned: 'report_metrics' with pid 38
2025-06-25 17:27:31,761 INFO success: php-service entered RUNNING state, process has stayed up for > than 3 seconds (startsecs)
2025-06-25 17:27:31,762 WARN exited: report_metrics (exit status 255; not expected)
2025-06-25 17:27:33,765 INFO spawned: 'report_metrics' with pid 53
2025-06-25 17:27:34,449 WARN exited: report_metrics (exit status 255; not expected)
2025-06-25 17:27:37,453 INFO spawned: 'report_metrics' with pid 69
2025-06-25 17:27:38,635 WARN exited: report_metrics (exit status 255; not expected)
2025-06-25 17:27:39,636 INFO gave up: report_metrics entered FATAL state, too many start retries too quickly
2025-06-25 17:27:43,641 WARN received SIGTERM indicating exit request
2025-06-25 17:27:43,641 INFO waiting for php-service to die
2025-06-25 17:27:45,644 WARN stopped: php-service (terminated by SIGTERM)
2025-07-01 08:50:07,088 CRIT Supervisor is running as root.  Privileges were not dropped because no user is specified in the config file.  If you intend to run as root, you can set user=root in the config file to avoid this message.
2025-07-01 08:50:07,089 INFO supervisord started with pid 1
2025-07-01 08:50:08,091 INFO spawned: 'php-service' with pid 9
2025-07-01 08:50:08,092 INFO spawned: 'report_metrics' with pid 10
2025-07-01 08:50:08,115 WARN exited: report_metrics (exit status 1; not expected)
2025-07-01 08:50:09,161 INFO spawned: 'report_metrics' with pid 24
2025-07-01 08:50:10,176 WARN exited: report_metrics (exit status 1; not expected)
2025-07-01 08:50:11,177 INFO success: php-service entered RUNNING state, process has stayed up for > than 3 seconds (startsecs)
2025-07-01 08:50:12,180 INFO spawned: 'report_metrics' with pid 25
2025-07-01 08:50:14,390 INFO success: report_metrics entered RUNNING state, process has stayed up for > than 2 seconds (startsecs)
2025-07-01 09:01:23,212 WARN received SIGTERM indicating exit request
2025-07-01 09:01:23,212 INFO waiting for php-service, report_metrics to die
2025-07-01 09:01:23,213 WARN stopped: report_metrics (terminated by SIGTERM)
2025-07-01 09:01:24,215 WARN stopped: php-service (terminated by SIGTERM)
2025-07-01 14:41:19,313 CRIT Supervisor is running as root.  Privileges were not dropped because no user is specified in the config file.  If you intend to run as root, you can set user=root in the config file to avoid this message.
2025-07-01 14:41:19,314 INFO supervisord started with pid 1
2025-07-01 14:41:20,317 INFO spawned: 'php-service' with pid 9
2025-07-01 14:41:20,319 INFO spawned: 'report_metrics' with pid 10
2025-07-01 14:41:22,520 INFO success: report_metrics entered RUNNING state, process has stayed up for > than 2 seconds (startsecs)
2025-07-01 14:41:23,521 INFO success: php-service entered RUNNING state, process has stayed up for > than 3 seconds (startsecs)
2025-07-01 15:04:21,634 WARN exited: report_metrics (exit status 255; not expected)
2025-07-01 15:04:22,637 INFO spawned: 'report_metrics' with pid 3778
2025-07-01 15:04:23,651 WARN exited: report_metrics (exit status 1; not expected)
2025-07-01 15:04:24,653 INFO spawned: 'report_metrics' with pid 3779
2025-07-01 15:04:25,668 WARN exited: report_metrics (exit status 1; not expected)
2025-07-01 15:04:26,669 WARN received SIGTERM indicating exit request
2025-07-01 15:04:26,670 INFO waiting for php-service to die
2025-07-01 15:04:28,673 WARN stopped: php-service (terminated by SIGTERM)
2025-07-02 07:52:58,410 CRIT Supervisor is running as root.  Privileges were not dropped because no user is specified in the config file.  If you intend to run as root, you can set user=root in the config file to avoid this message.
2025-07-02 07:52:58,411 INFO supervisord started with pid 1
2025-07-02 07:52:59,413 INFO spawned: 'php-service' with pid 9
2025-07-02 07:52:59,414 INFO spawned: 'report_metrics' with pid 10
2025-07-02 07:52:59,441 WARN exited: report_metrics (exit status 1; not expected)
2025-07-02 07:53:00,478 INFO spawned: 'report_metrics' with pid 24
2025-07-02 07:53:01,496 WARN exited: report_metrics (exit status 1; not expected)
2025-07-02 07:53:02,497 INFO success: php-service entered RUNNING state, process has stayed up for > than 3 seconds (startsecs)
2025-07-02 07:53:03,500 INFO spawned: 'report_metrics' with pid 25
2025-07-02 07:53:04,519 WARN exited: report_metrics (exit status 1; not expected)
2025-07-02 07:53:07,523 INFO spawned: 'report_metrics' with pid 26
2025-07-02 07:53:09,721 INFO success: report_metrics entered RUNNING state, process has stayed up for > than 2 seconds (startsecs)
2025-07-02 08:01:05,347 WARN received SIGTERM indicating exit request
2025-07-02 08:01:05,348 INFO waiting for php-service, report_metrics to die
2025-07-02 08:01:05,349 WARN stopped: report_metrics (terminated by SIGTERM)
2025-07-02 08:01:06,351 WARN stopped: php-service (terminated by SIGTERM)
2025-07-03 04:57:08,771 CRIT Supervisor is running as root.  Privileges were not dropped because no user is specified in the config file.  If you intend to run as root, you can set user=root in the config file to avoid this message.
2025-07-03 04:57:08,772 INFO supervisord started with pid 1
2025-07-03 04:57:09,774 INFO spawned: 'php-service' with pid 9
2025-07-03 04:57:09,776 INFO spawned: 'report_metrics' with pid 10
2025-07-03 04:57:09,796 WARN exited: report_metrics (exit status 1; not expected)
2025-07-03 04:57:10,841 INFO spawned: 'report_metrics' with pid 23
2025-07-03 04:57:11,859 WARN exited: report_metrics (exit status 1; not expected)
2025-07-03 04:57:12,860 INFO success: php-service entered RUNNING state, process has stayed up for > than 3 seconds (startsecs)
2025-07-03 04:57:13,862 INFO spawned: 'report_metrics' with pid 24
2025-07-03 04:57:14,880 WARN exited: report_metrics (exit status 1; not expected)
2025-07-03 04:57:17,885 INFO spawned: 'report_metrics' with pid 25
2025-07-03 04:57:18,899 WARN exited: report_metrics (exit status 1; not expected)
2025-07-03 04:57:19,900 INFO gave up: report_metrics entered FATAL state, too many start retries too quickly
2025-07-03 05:20:54,971 WARN received SIGTERM indicating exit request
2025-07-03 05:20:54,971 INFO waiting for php-service to die
2025-07-03 05:20:56,974 WARN stopped: php-service (terminated by SIGTERM)
2025-07-03 05:20:58,718 CRIT Supervisor is running as root.  Privileges were not dropped because no user is specified in the config file.  If you intend to run as root, you can set user=root in the config file to avoid this message.
2025-07-03 05:20:58,719 INFO supervisord started with pid 1
2025-07-03 05:20:59,720 INFO spawned: 'php-service' with pid 9
2025-07-03 05:20:59,722 INFO spawned: 'report_metrics' with pid 10
2025-07-03 05:21:01,923 INFO success: report_metrics entered RUNNING state, process has stayed up for > than 2 seconds (startsecs)
2025-07-03 05:21:02,924 INFO success: php-service entered RUNNING state, process has stayed up for > than 3 seconds (startsecs)
2025-07-03 07:49:38,338 WARN exited: report_metrics (exit status 255; not expected)
2025-07-03 07:49:39,340 INFO spawned: 'report_metrics' with pid 24189
2025-07-03 07:49:40,358 WARN exited: report_metrics (exit status 1; not expected)
2025-07-03 07:49:41,360 INFO spawned: 'report_metrics' with pid 24190
2025-07-03 07:49:42,324 WARN exited: report_metrics (exit status 1; not expected)
2025-07-03 07:49:44,328 INFO spawned: 'report_metrics' with pid 24191
2025-07-03 07:49:45,351 WARN exited: report_metrics (exit status 1; not expected)
2025-07-03 07:49:48,356 INFO spawned: 'report_metrics' with pid 24192
2025-07-03 07:49:49,371 WARN exited: report_metrics (exit status 1; not expected)
2025-07-03 07:49:50,372 INFO gave up: report_metrics entered FATAL state, too many start retries too quickly
2025-07-03 07:58:48,389 WARN received SIGTERM indicating exit request
2025-07-03 07:58:48,389 INFO waiting for php-service to die
2025-07-03 07:58:50,393 WARN stopped: php-service (terminated by SIGTERM)
2025-07-03 07:58:53,530 CRIT Supervisor is running as root.  Privileges were not dropped because no user is specified in the config file.  If you intend to run as root, you can set user=root in the config file to avoid this message.
2025-07-03 07:58:53,531 INFO supervisord started with pid 1
2025-07-03 07:58:54,534 INFO spawned: 'php-service' with pid 9
2025-07-03 07:58:54,536 INFO spawned: 'report_metrics' with pid 10
2025-07-03 07:58:54,560 WARN exited: report_metrics (exit status 1; not expected)
2025-07-03 07:58:55,629 INFO spawned: 'report_metrics' with pid 24
2025-07-03 07:58:56,645 WARN exited: report_metrics (exit status 1; not expected)
2025-07-03 07:58:57,646 INFO success: php-service entered RUNNING state, process has stayed up for > than 3 seconds (startsecs)
2025-07-03 07:58:58,648 INFO spawned: 'report_metrics' with pid 25
2025-07-03 07:58:59,665 WARN exited: report_metrics (exit status 1; not expected)
2025-07-03 07:59:02,669 INFO spawned: 'report_metrics' with pid 26
2025-07-03 07:59:03,685 WARN exited: report_metrics (exit status 1; not expected)
2025-07-03 07:59:04,686 INFO gave up: report_metrics entered FATAL state, too many start retries too quickly
2025-07-03 08:00:12,464 WARN received SIGTERM indicating exit request
2025-07-03 08:00:12,465 INFO waiting for php-service to die
2025-07-03 08:00:14,468 WARN stopped: php-service (terminated by SIGTERM)
2025-07-03 08:00:16,337 CRIT Supervisor is running as root.  Privileges were not dropped because no user is specified in the config file.  If you intend to run as root, you can set user=root in the config file to avoid this message.
2025-07-03 08:00:16,337 INFO supervisord started with pid 1
2025-07-03 08:00:17,340 INFO spawned: 'php-service' with pid 9
2025-07-03 08:00:17,342 INFO spawned: 'report_metrics' with pid 10
2025-07-03 08:00:17,362 WARN exited: report_metrics (exit status 1; not expected)
2025-07-03 08:00:18,405 INFO spawned: 'report_metrics' with pid 23
2025-07-03 08:00:19,423 WARN exited: report_metrics (exit status 1; not expected)
2025-07-03 08:00:20,424 INFO success: php-service entered RUNNING state, process has stayed up for > than 3 seconds (startsecs)
2025-07-03 08:00:21,426 INFO spawned: 'report_metrics' with pid 24
2025-07-03 08:00:22,449 WARN exited: report_metrics (exit status 1; not expected)
2025-07-03 08:00:25,454 INFO spawned: 'report_metrics' with pid 25
2025-07-03 08:00:26,480 WARN exited: report_metrics (exit status 1; not expected)
2025-07-03 08:00:27,481 INFO gave up: report_metrics entered FATAL state, too many start retries too quickly
2025-07-03 08:24:10,981 WARN received SIGTERM indicating exit request
2025-07-03 08:24:10,981 INFO waiting for php-service to die
2025-07-03 08:24:12,984 WARN stopped: php-service (terminated by SIGTERM)
2025-07-03 08:24:14,779 CRIT Supervisor is running as root.  Privileges were not dropped because no user is specified in the config file.  If you intend to run as root, you can set user=root in the config file to avoid this message.
2025-07-03 08:24:14,781 INFO supervisord started with pid 1
2025-07-03 08:24:15,783 INFO spawned: 'php-service' with pid 9
2025-07-03 08:24:15,784 INFO spawned: 'report_metrics' with pid 10
2025-07-03 08:24:18,081 INFO success: report_metrics entered RUNNING state, process has stayed up for > than 2 seconds (startsecs)
2025-07-03 08:24:19,083 INFO success: php-service entered RUNNING state, process has stayed up for > than 3 seconds (startsecs)
2025-07-03 08:40:03,130 WARN exited: report_metrics (exit status 255; not expected)
2025-07-03 08:40:04,132 INFO spawned: 'report_metrics' with pid 2574
2025-07-03 08:40:06,373 INFO success: report_metrics entered RUNNING state, process has stayed up for > than 2 seconds (startsecs)
2025-07-03 08:45:42,304 WARN received SIGTERM indicating exit request
2025-07-03 08:45:42,304 INFO waiting for php-service, report_metrics to die
2025-07-03 08:45:42,306 WARN stopped: report_metrics (terminated by SIGTERM)
2025-07-03 08:45:43,307 WARN stopped: php-service (terminated by SIGTERM)
2025-07-03 12:53:56,745 CRIT Supervisor is running as root.  Privileges were not dropped because no user is specified in the config file.  If you intend to run as root, you can set user=root in the config file to avoid this message.
2025-07-03 12:53:56,746 INFO supervisord started with pid 1
2025-07-03 12:53:57,748 INFO spawned: 'php-service' with pid 9
2025-07-03 12:53:57,749 INFO spawned: 'report_metrics' with pid 10
2025-07-03 12:53:57,771 WARN exited: report_metrics (exit status 1; not expected)
2025-07-03 12:53:58,816 INFO spawned: 'report_metrics' with pid 24
2025-07-03 12:53:59,831 WARN exited: report_metrics (exit status 1; not expected)
2025-07-03 12:54:00,832 INFO success: php-service entered RUNNING state, process has stayed up for > than 3 seconds (startsecs)
2025-07-03 12:54:01,834 INFO spawned: 'report_metrics' with pid 25
2025-07-03 12:54:02,856 WARN exited: report_metrics (exit status 1; not expected)
2025-07-03 12:54:05,861 INFO spawned: 'report_metrics' with pid 26
2025-07-03 12:54:08,139 INFO success: report_metrics entered RUNNING state, process has stayed up for > than 2 seconds (startsecs)
2025-07-03 12:57:15,537 WARN exited: report_metrics (exit status 255; not expected)
2025-07-03 12:57:16,539 INFO spawned: 'report_metrics' with pid 547
2025-07-03 12:57:18,826 INFO success: report_metrics entered RUNNING state, process has stayed up for > than 2 seconds (startsecs)
2025-07-03 13:40:53,998 WARN received SIGTERM indicating exit request
2025-07-03 13:40:53,998 INFO waiting for php-service, report_metrics to die
2025-07-03 13:40:53,999 WARN stopped: report_metrics (terminated by SIGTERM)
2025-07-03 13:40:55,001 WARN stopped: php-service (terminated by SIGTERM)
2025-07-09 07:44:09,403 CRIT Supervisor is running as root.  Privileges were not dropped because no user is specified in the config file.  If you intend to run as root, you can set user=root in the config file to avoid this message.
2025-07-09 07:44:09,404 INFO supervisord started with pid 1
2025-07-09 07:44:10,407 INFO spawned: 'php-service' with pid 9
2025-07-09 07:44:10,408 INFO spawned: 'report_metrics' with pid 10
2025-07-09 07:44:12,705 INFO success: report_metrics entered RUNNING state, process has stayed up for > than 2 seconds (startsecs)
2025-07-09 07:44:13,706 INFO success: php-service entered RUNNING state, process has stayed up for > than 3 seconds (startsecs)
2025-07-09 07:48:32,968 WARN received SIGTERM indicating exit request
2025-07-09 07:48:32,968 INFO waiting for php-service, report_metrics to die
2025-07-09 07:48:32,969 WARN stopped: report_metrics (terminated by SIGTERM)
2025-07-09 07:48:33,971 WARN stopped: php-service (terminated by SIGTERM)
2025-07-10 17:29:58,616 CRIT Supervisor is running as root.  Privileges were not dropped because no user is specified in the config file.  If you intend to run as root, you can set user=root in the config file to avoid this message.
2025-07-10 17:29:58,617 INFO supervisord started with pid 1
2025-07-10 17:29:59,619 INFO spawned: 'php-service' with pid 9
2025-07-10 17:29:59,620 INFO spawned: 'report_metrics' with pid 10
2025-07-10 17:30:01,812 INFO success: report_metrics entered RUNNING state, process has stayed up for > than 2 seconds (startsecs)
2025-07-10 17:30:02,813 INFO success: php-service entered RUNNING state, process has stayed up for > than 3 seconds (startsecs)
2025-07-10 17:34:31,004 WARN exited: report_metrics (exit status 255; not expected)
2025-07-10 17:34:32,007 INFO spawned: 'report_metrics' with pid 979
2025-07-10 17:34:34,228 INFO success: report_metrics entered RUNNING state, process has stayed up for > than 2 seconds (startsecs)
2025-07-10 17:40:08,938 WARN received SIGTERM indicating exit request
2025-07-10 17:40:08,938 INFO waiting for php-service, report_metrics to die
2025-07-10 17:40:08,938 WARN stopped: report_metrics (terminated by SIGTERM)
2025-07-10 17:40:09,940 WARN stopped: php-service (terminated by SIGTERM)
2025-07-10 18:07:40,924 CRIT Supervisor is running as root.  Privileges were not dropped because no user is specified in the config file.  If you intend to run as root, you can set user=root in the config file to avoid this message.
2025-07-10 18:07:40,925 INFO supervisord started with pid 1
2025-07-10 18:07:41,927 INFO spawned: 'php-service' with pid 9
2025-07-10 18:07:41,928 INFO spawned: 'report_metrics' with pid 10
2025-07-10 18:07:41,948 WARN exited: report_metrics (exit status 1; not expected)
2025-07-10 18:07:42,990 INFO spawned: 'report_metrics' with pid 23
2025-07-10 18:07:44,003 WARN exited: report_metrics (exit status 1; not expected)
2025-07-10 18:07:45,005 INFO success: php-service entered RUNNING state, process has stayed up for > than 3 seconds (startsecs)
2025-07-10 18:07:46,007 INFO spawned: 'report_metrics' with pid 24
2025-07-10 18:07:46,999 WARN exited: report_metrics (exit status 1; not expected)
2025-07-10 18:07:50,004 INFO spawned: 'report_metrics' with pid 28
2025-07-10 18:07:51,017 WARN exited: report_metrics (exit status 1; not expected)
2025-07-10 18:07:52,018 INFO gave up: report_metrics entered FATAL state, too many start retries too quickly
2025-07-10 18:10:18,216 WARN received SIGTERM indicating exit request
2025-07-10 18:10:18,216 INFO waiting for php-service to die
2025-07-10 18:10:20,219 WARN stopped: php-service (terminated by SIGTERM)
2025-07-10 18:10:23,379 CRIT Supervisor is running as root.  Privileges were not dropped because no user is specified in the config file.  If you intend to run as root, you can set user=root in the config file to avoid this message.
2025-07-10 18:10:23,380 INFO supervisord started with pid 1
2025-07-10 18:10:24,382 INFO spawned: 'php-service' with pid 9
2025-07-10 18:10:24,383 INFO spawned: 'report_metrics' with pid 10
2025-07-10 18:10:26,668 INFO success: report_metrics entered RUNNING state, process has stayed up for > than 2 seconds (startsecs)
2025-07-10 18:10:27,669 INFO success: php-service entered RUNNING state, process has stayed up for > than 3 seconds (startsecs)
2025-07-10 18:41:06,379 WARN exited: report_metrics (exit status 255; not expected)
2025-07-10 18:41:07,381 INFO spawned: 'report_metrics' with pid 6379
2025-07-10 18:41:08,395 WARN exited: report_metrics (exit status 1; not expected)
2025-07-10 18:41:09,398 INFO spawned: 'report_metrics' with pid 6380
2025-07-10 18:41:11,614 INFO success: report_metrics entered RUNNING state, process has stayed up for > than 2 seconds (startsecs)
2025-07-10 18:45:37,582 WARN received SIGTERM indicating exit request
2025-07-10 18:45:37,582 INFO waiting for php-service, report_metrics to die
2025-07-10 18:45:38,584 WARN stopped: report_metrics (terminated by SIGTERM)
2025-07-10 18:45:39,587 WARN stopped: php-service (terminated by SIGTERM)
2025-07-10 19:43:19,417 CRIT Supervisor is running as root.  Privileges were not dropped because no user is specified in the config file.  If you intend to run as root, you can set user=root in the config file to avoid this message.
2025-07-10 19:43:19,418 INFO supervisord started with pid 1
2025-07-10 19:43:20,420 INFO spawned: 'php-service' with pid 9
2025-07-10 19:43:20,421 INFO spawned: 'report_metrics' with pid 10
2025-07-10 19:43:22,608 INFO success: report_metrics entered RUNNING state, process has stayed up for > than 2 seconds (startsecs)
2025-07-10 19:43:23,609 INFO success: php-service entered RUNNING state, process has stayed up for > than 3 seconds (startsecs)
2025-07-10 19:44:48,143 WARN received SIGTERM indicating exit request
2025-07-10 19:44:48,144 INFO waiting for php-service, report_metrics to die
2025-07-10 19:44:48,145 WARN stopped: report_metrics (terminated by SIGTERM)
2025-07-10 19:44:49,147 WARN stopped: php-service (terminated by SIGTERM)
2025-07-11 07:31:38,871 CRIT Supervisor is running as root.  Privileges were not dropped because no user is specified in the config file.  If you intend to run as root, you can set user=root in the config file to avoid this message.
2025-07-11 07:31:38,872 INFO supervisord started with pid 1
2025-07-11 07:31:39,874 INFO spawned: 'php-service' with pid 9
2025-07-11 07:31:39,876 INFO spawned: 'report_metrics' with pid 10
2025-07-11 07:31:42,058 INFO success: report_metrics entered RUNNING state, process has stayed up for > than 2 seconds (startsecs)
2025-07-11 07:31:43,059 INFO success: php-service entered RUNNING state, process has stayed up for > than 3 seconds (startsecs)
2025-07-11 08:08:31,996 WARN exited: report_metrics (exit status 255; not expected)
2025-07-11 08:08:32,999 INFO spawned: 'report_metrics' with pid 7657
2025-07-11 08:08:34,015 WARN exited: report_metrics (exit status 1; not expected)
2025-07-11 08:08:35,018 INFO spawned: 'report_metrics' with pid 7658
2025-07-11 08:08:36,034 WARN exited: report_metrics (exit status 1; not expected)
2025-07-11 08:08:38,037 INFO spawned: 'report_metrics' with pid 7659
2025-07-11 08:08:39,051 WARN exited: report_metrics (exit status 1; not expected)
2025-07-11 08:08:42,056 INFO spawned: 'report_metrics' with pid 7660
2025-07-11 08:08:43,070 WARN exited: report_metrics (exit status 1; not expected)
2025-07-11 08:08:44,072 INFO gave up: report_metrics entered FATAL state, too many start retries too quickly
2025-07-11 08:18:33,990 WARN received SIGTERM indicating exit request
2025-07-11 08:18:33,990 INFO waiting for php-service to die
2025-07-11 08:18:35,993 WARN stopped: php-service (terminated by SIGTERM)
2025-07-11 08:37:54,812 CRIT Supervisor is running as root.  Privileges were not dropped because no user is specified in the config file.  If you intend to run as root, you can set user=root in the config file to avoid this message.
2025-07-11 08:37:54,812 INFO supervisord started with pid 1
2025-07-11 08:37:55,815 INFO spawned: 'php-service' with pid 9
2025-07-11 08:37:55,816 INFO spawned: 'report_metrics' with pid 10
2025-07-11 08:37:57,996 INFO success: report_metrics entered RUNNING state, process has stayed up for > than 2 seconds (startsecs)
2025-07-11 08:37:58,997 INFO success: php-service entered RUNNING state, process has stayed up for > than 3 seconds (startsecs)
2025-07-11 08:43:44,669 WARN received SIGTERM indicating exit request
2025-07-11 08:43:44,670 INFO waiting for php-service, report_metrics to die
2025-07-11 08:43:44,671 WARN stopped: report_metrics (terminated by SIGTERM)
2025-07-11 08:43:45,673 WARN stopped: php-service (terminated by SIGTERM)
2025-07-11 13:30:18,859 CRIT Supervisor is running as root.  Privileges were not dropped because no user is specified in the config file.  If you intend to run as root, you can set user=root in the config file to avoid this message.
2025-07-11 13:30:18,860 INFO supervisord started with pid 1
2025-07-11 13:30:19,863 INFO spawned: 'php-service' with pid 9
2025-07-11 13:30:19,865 INFO spawned: 'report_metrics' with pid 10
2025-07-11 13:30:22,057 INFO success: report_metrics entered RUNNING state, process has stayed up for > than 2 seconds (startsecs)
2025-07-11 13:30:23,058 INFO success: php-service entered RUNNING state, process has stayed up for > than 3 seconds (startsecs)
2025-07-11 13:49:57,616 WARN exited: report_metrics (exit status 255; not expected)
2025-07-11 13:49:58,619 INFO spawned: 'report_metrics' with pid 4092
2025-07-11 13:49:59,633 WARN exited: report_metrics (exit status 1; not expected)
2025-07-11 13:50:00,636 INFO spawned: 'report_metrics' with pid 4093
2025-07-11 13:50:02,841 INFO success: report_metrics entered RUNNING state, process has stayed up for > than 2 seconds (startsecs)
2025-07-11 13:54:07,612 WARN exited: report_metrics (exit status 255; not expected)
2025-07-11 13:54:08,615 INFO spawned: 'report_metrics' with pid 4958
2025-07-11 13:54:09,634 WARN exited: report_metrics (exit status 1; not expected)
2025-07-11 13:54:10,636 INFO spawned: 'report_metrics' with pid 4959
2025-07-11 13:54:12,859 INFO success: report_metrics entered RUNNING state, process has stayed up for > than 2 seconds (startsecs)
2025-07-11 13:56:54,219 WARN exited: report_metrics (exit status 255; not expected)
2025-07-11 13:56:55,221 INFO spawned: 'report_metrics' with pid 5536
2025-07-11 13:56:56,236 WARN exited: report_metrics (exit status 1; not expected)
2025-07-11 13:56:57,486 INFO spawned: 'report_metrics' with pid 5537
2025-07-11 13:56:59,719 INFO success: report_metrics entered RUNNING state, process has stayed up for > than 2 seconds (startsecs)
2025-07-11 13:59:09,722 WARN exited: report_metrics (exit status 255; not expected)
2025-07-11 13:59:10,725 INFO spawned: 'report_metrics' with pid 6006
2025-07-11 13:59:11,739 WARN exited: report_metrics (exit status 1; not expected)
2025-07-11 13:59:12,741 INFO spawned: 'report_metrics' with pid 6007
2025-07-11 13:59:13,756 WARN exited: report_metrics (exit status 1; not expected)
2025-07-11 13:59:15,759 INFO spawned: 'report_metrics' with pid 6008
2025-07-11 13:59:16,773 WARN exited: report_metrics (exit status 1; not expected)
2025-07-11 13:59:19,778 INFO spawned: 'report_metrics' with pid 6009
2025-07-11 13:59:20,800 WARN exited: report_metrics (exit status 1; not expected)
2025-07-11 13:59:21,801 INFO gave up: report_metrics entered FATAL state, too many start retries too quickly
2025-07-11 14:02:51,817 WARN received SIGTERM indicating exit request
2025-07-11 14:02:51,817 INFO waiting for php-service to die
2025-07-11 14:02:53,820 WARN stopped: php-service (terminated by SIGTERM)
2025-07-11 14:03:08,475 CRIT Supervisor is running as root.  Privileges were not dropped because no user is specified in the config file.  If you intend to run as root, you can set user=root in the config file to avoid this message.
2025-07-11 14:03:08,476 INFO supervisord started with pid 1
2025-07-11 14:03:09,477 INFO spawned: 'php-service' with pid 9
2025-07-11 14:03:09,479 INFO spawned: 'report_metrics' with pid 10
2025-07-11 14:03:11,661 INFO success: report_metrics entered RUNNING state, process has stayed up for > than 2 seconds (startsecs)
2025-07-11 14:03:12,663 INFO success: php-service entered RUNNING state, process has stayed up for > than 3 seconds (startsecs)
2025-07-11 14:06:50,335 WARN exited: report_metrics (exit status 255; not expected)
2025-07-11 14:06:51,337 INFO spawned: 'report_metrics' with pid 799
2025-07-11 14:06:52,352 WARN exited: report_metrics (exit status 1; not expected)
2025-07-11 14:06:53,354 INFO spawned: 'report_metrics' with pid 800
2025-07-11 14:06:54,371 WARN exited: report_metrics (exit status 1; not expected)
2025-07-11 14:06:56,374 INFO spawned: 'report_metrics' with pid 801
2025-07-11 14:06:57,043 WARN exited: report_metrics (exit status 1; not expected)
2025-07-11 14:07:00,047 INFO spawned: 'report_metrics' with pid 802
2025-07-11 14:07:01,061 WARN exited: report_metrics (exit status 1; not expected)
2025-07-11 14:07:02,063 INFO gave up: report_metrics entered FATAL state, too many start retries too quickly
2025-07-11 14:26:41,195 WARN received SIGTERM indicating exit request
2025-07-11 14:26:41,196 INFO waiting for php-service to die
2025-07-11 14:26:43,198 WARN stopped: php-service (terminated by SIGTERM)
2025-07-11 14:26:49,834 CRIT Supervisor is running as root.  Privileges were not dropped because no user is specified in the config file.  If you intend to run as root, you can set user=root in the config file to avoid this message.
2025-07-11 14:26:49,835 INFO supervisord started with pid 1
2025-07-11 14:26:50,837 INFO spawned: 'php-service' with pid 9
2025-07-11 14:26:50,839 INFO spawned: 'report_metrics' with pid 10
2025-07-11 14:26:53,021 INFO success: report_metrics entered RUNNING state, process has stayed up for > than 2 seconds (startsecs)
2025-07-11 14:26:54,023 INFO success: php-service entered RUNNING state, process has stayed up for > than 3 seconds (startsecs)
2025-07-11 14:44:33,897 WARN exited: report_metrics (exit status 255; not expected)
2025-07-11 14:44:34,900 INFO spawned: 'report_metrics' with pid 3698
2025-07-11 14:44:37,121 INFO success: report_metrics entered RUNNING state, process has stayed up for > than 2 seconds (startsecs)
2025-07-11 15:10:55,258 WARN exited: report_metrics (exit status 255; not expected)
2025-07-11 15:10:56,260 INFO spawned: 'report_metrics' with pid 9153
2025-07-11 15:10:57,275 WARN exited: report_metrics (exit status 1; not expected)
2025-07-11 15:10:58,277 INFO spawned: 'report_metrics' with pid 9154
2025-07-11 15:10:59,291 WARN exited: report_metrics (exit status 1; not expected)
2025-07-11 15:11:01,803 INFO spawned: 'report_metrics' with pid 9155
2025-07-11 15:11:02,818 WARN exited: report_metrics (exit status 1; not expected)
2025-07-11 15:11:05,823 INFO spawned: 'report_metrics' with pid 9156
2025-07-11 15:11:06,838 WARN exited: report_metrics (exit status 1; not expected)
2025-07-11 15:11:07,839 INFO gave up: report_metrics entered FATAL state, too many start retries too quickly
2025-07-11 15:12:50,898 WARN received SIGTERM indicating exit request
2025-07-11 15:12:50,898 INFO waiting for php-service to die
2025-07-11 15:12:52,902 WARN stopped: php-service (terminated by SIGTERM)
2025-07-11 15:12:55,079 CRIT Supervisor is running as root.  Privileges were not dropped because no user is specified in the config file.  If you intend to run as root, you can set user=root in the config file to avoid this message.
2025-07-11 15:12:55,080 INFO supervisord started with pid 1
2025-07-11 15:12:56,082 INFO spawned: 'php-service' with pid 9
2025-07-11 15:12:56,083 INFO spawned: 'report_metrics' with pid 10
2025-07-11 15:12:58,298 INFO success: report_metrics entered RUNNING state, process has stayed up for > than 2 seconds (startsecs)
2025-07-11 15:12:59,300 INFO success: php-service entered RUNNING state, process has stayed up for > than 3 seconds (startsecs)
2025-07-11 15:16:21,461 WARN exited: report_metrics (exit status 255; not expected)
2025-07-11 15:16:22,463 INFO spawned: 'report_metrics' with pid 747
2025-07-11 15:16:23,478 WARN exited: report_metrics (exit status 1; not expected)
2025-07-11 15:16:24,480 INFO spawned: 'report_metrics' with pid 748
2025-07-11 15:16:25,494 WARN exited: report_metrics (exit status 1; not expected)
2025-07-11 15:16:27,497 INFO spawned: 'report_metrics' with pid 749
2025-07-11 15:16:28,511 WARN exited: report_metrics (exit status 1; not expected)
2025-07-11 15:16:31,515 INFO spawned: 'report_metrics' with pid 750
2025-07-11 15:16:31,515 WARN received SIGTERM indicating exit request
2025-07-11 15:16:31,515 INFO waiting for php-service, report_metrics to die
2025-07-11 15:16:32,530 WARN stopped: report_metrics (exit status 1)
2025-07-11 15:16:33,532 WARN stopped: php-service (terminated by SIGTERM)
2025-07-11 15:17:06,794 CRIT Supervisor is running as root.  Privileges were not dropped because no user is specified in the config file.  If you intend to run as root, you can set user=root in the config file to avoid this message.
2025-07-11 15:17:06,795 INFO supervisord started with pid 1
2025-07-11 15:17:07,796 INFO spawned: 'php-service' with pid 9
2025-07-11 15:17:07,797 INFO spawned: 'report_metrics' with pid 10
2025-07-11 15:17:09,982 INFO success: report_metrics entered RUNNING state, process has stayed up for > than 2 seconds (startsecs)
2025-07-11 15:17:10,983 INFO success: php-service entered RUNNING state, process has stayed up for > than 3 seconds (startsecs)
2025-07-11 15:22:12,056 WARN exited: report_metrics (exit status 255; not expected)
2025-07-11 15:22:13,058 INFO spawned: 'report_metrics' with pid 1086
2025-07-11 15:22:14,073 WARN exited: report_metrics (exit status 1; not expected)
2025-07-11 15:22:15,075 INFO spawned: 'report_metrics' with pid 1087
2025-07-11 15:22:16,088 WARN exited: report_metrics (exit status 1; not expected)
2025-07-11 15:22:18,092 INFO spawned: 'report_metrics' with pid 1088
2025-07-11 15:22:19,106 WARN exited: report_metrics (exit status 1; not expected)
2025-07-11 15:22:22,110 INFO spawned: 'report_metrics' with pid 1089
2025-07-11 15:22:23,123 WARN exited: report_metrics (exit status 1; not expected)
2025-07-11 15:22:24,125 INFO gave up: report_metrics entered FATAL state, too many start retries too quickly
2025-07-11 15:28:12,927 WARN received SIGTERM indicating exit request
2025-07-11 15:28:12,927 INFO waiting for php-service to die
2025-07-11 15:28:14,930 WARN stopped: php-service (terminated by SIGTERM)
2025-07-11 15:28:25,092 CRIT Supervisor is running as root.  Privileges were not dropped because no user is specified in the config file.  If you intend to run as root, you can set user=root in the config file to avoid this message.
2025-07-11 15:28:25,093 INFO supervisord started with pid 1
2025-07-11 15:28:26,095 INFO spawned: 'php-service' with pid 9
2025-07-11 15:28:26,096 INFO spawned: 'report_metrics' with pid 10
2025-07-11 15:28:28,276 INFO success: report_metrics entered RUNNING state, process has stayed up for > than 2 seconds (startsecs)
2025-07-11 15:28:29,278 INFO success: php-service entered RUNNING state, process has stayed up for > than 3 seconds (startsecs)
2025-07-11 15:36:21,160 WARN received SIGTERM indicating exit request
2025-07-11 15:36:21,160 INFO waiting for php-service, report_metrics to die
2025-07-11 15:36:21,161 WARN stopped: report_metrics (terminated by SIGTERM)
2025-07-11 15:36:22,163 WARN stopped: php-service (terminated by SIGTERM)
2025-07-11 15:36:22,163 INFO reaped unknown pid 1662 (exit status 2)
2025-07-11 15:36:50,176 CRIT Supervisor is running as root.  Privileges were not dropped because no user is specified in the config file.  If you intend to run as root, you can set user=root in the config file to avoid this message.
2025-07-11 15:36:50,177 INFO supervisord started with pid 1
2025-07-11 15:36:51,179 INFO spawned: 'php-service' with pid 9
2025-07-11 15:36:51,180 INFO spawned: 'report_metrics' with pid 10
2025-07-11 15:36:53,364 INFO success: report_metrics entered RUNNING state, process has stayed up for > than 2 seconds (startsecs)
2025-07-11 15:36:54,365 INFO success: php-service entered RUNNING state, process has stayed up for > than 3 seconds (startsecs)
2025-07-11 15:46:11,617 WARN exited: report_metrics (exit status 255; not expected)
2025-07-11 15:46:12,619 INFO spawned: 'report_metrics' with pid 1970
2025-07-11 15:46:12,620 WARN received SIGTERM indicating exit request
2025-07-11 15:46:12,620 INFO waiting for php-service, report_metrics to die
2025-07-11 15:46:13,633 WARN stopped: report_metrics (exit status 1)
2025-07-11 15:46:14,635 WARN stopped: php-service (terminated by SIGTERM)
2025-07-11 15:51:11,600 CRIT Supervisor is running as root.  Privileges were not dropped because no user is specified in the config file.  If you intend to run as root, you can set user=root in the config file to avoid this message.
2025-07-11 15:51:11,601 INFO supervisord started with pid 1
2025-07-11 15:51:12,603 INFO spawned: 'php-service' with pid 9
2025-07-11 15:51:12,604 INFO spawned: 'report_metrics' with pid 10
2025-07-11 15:51:14,785 INFO success: report_metrics entered RUNNING state, process has stayed up for > than 2 seconds (startsecs)
2025-07-11 15:51:15,787 INFO success: php-service entered RUNNING state, process has stayed up for > than 3 seconds (startsecs)
2025-07-11 15:53:55,669 WARN exited: report_metrics (exit status 255; not expected)
2025-07-11 15:53:56,671 INFO spawned: 'report_metrics' with pid 601
2025-07-11 15:53:57,685 WARN exited: report_metrics (exit status 1; not expected)
2025-07-11 15:53:58,687 INFO spawned: 'report_metrics' with pid 602
2025-07-11 15:54:00,935 INFO success: report_metrics entered RUNNING state, process has stayed up for > than 2 seconds (startsecs)
2025-07-11 16:00:22,375 WARN received SIGTERM indicating exit request
2025-07-11 16:00:22,375 INFO waiting for php-service, report_metrics to die
2025-07-11 16:00:22,376 WARN stopped: report_metrics (terminated by SIGTERM)
2025-07-11 16:00:23,378 WARN stopped: php-service (terminated by SIGTERM)
2025-07-11 16:00:45,106 CRIT Supervisor is running as root.  Privileges were not dropped because no user is specified in the config file.  If you intend to run as root, you can set user=root in the config file to avoid this message.
2025-07-11 16:00:45,106 INFO supervisord started with pid 1
2025-07-11 16:00:46,108 INFO spawned: 'php-service' with pid 9
2025-07-11 16:00:46,110 INFO spawned: 'report_metrics' with pid 10
2025-07-11 16:00:48,292 INFO success: report_metrics entered RUNNING state, process has stayed up for > than 2 seconds (startsecs)
2025-07-11 16:00:49,293 INFO success: php-service entered RUNNING state, process has stayed up for > than 3 seconds (startsecs)
2025-07-11 16:05:50,481 WARN exited: report_metrics (exit status 255; not expected)
2025-07-11 16:05:51,483 INFO spawned: 'report_metrics' with pid 1087
2025-07-11 16:05:52,502 WARN exited: report_metrics (exit status 1; not expected)
2025-07-11 16:05:53,504 INFO spawned: 'report_metrics' with pid 1088
2025-07-11 16:05:54,518 WARN exited: report_metrics (exit status 1; not expected)
2025-07-11 16:05:56,522 INFO spawned: 'report_metrics' with pid 1089
2025-07-11 16:05:58,787 INFO success: report_metrics entered RUNNING state, process has stayed up for > than 2 seconds (startsecs)
2025-07-11 16:39:02,461 WARN received SIGTERM indicating exit request
2025-07-11 16:39:02,461 INFO waiting for php-service, report_metrics to die
2025-07-11 16:39:02,462 WARN stopped: report_metrics (terminated by SIGTERM)
2025-07-11 16:39:03,464 WARN stopped: php-service (terminated by SIGTERM)
2025-07-11 16:42:37,638 CRIT Supervisor is running as root.  Privileges were not dropped because no user is specified in the config file.  If you intend to run as root, you can set user=root in the config file to avoid this message.
2025-07-11 16:42:37,639 INFO supervisord started with pid 1
2025-07-11 16:42:38,641 INFO spawned: 'php-service' with pid 9
2025-07-11 16:42:38,642 INFO spawned: 'report_metrics' with pid 10
2025-07-11 16:42:40,826 INFO success: report_metrics entered RUNNING state, process has stayed up for > than 2 seconds (startsecs)
2025-07-11 16:42:41,827 INFO success: php-service entered RUNNING state, process has stayed up for > than 3 seconds (startsecs)
2025-07-11 16:42:47,994 WARN received SIGTERM indicating exit request
2025-07-11 16:42:47,994 INFO waiting for php-service, report_metrics to die
2025-07-11 16:42:47,995 WARN stopped: report_metrics (terminated by SIGTERM)
2025-07-11 16:42:48,996 WARN stopped: php-service (terminated by SIGTERM)
2025-07-11 16:42:57,383 CRIT Supervisor is running as root.  Privileges were not dropped because no user is specified in the config file.  If you intend to run as root, you can set user=root in the config file to avoid this message.
2025-07-11 16:42:57,384 INFO supervisord started with pid 1
2025-07-11 16:42:58,386 INFO spawned: 'php-service' with pid 9
2025-07-11 16:42:58,388 INFO spawned: 'report_metrics' with pid 10
2025-07-11 16:43:00,572 INFO success: report_metrics entered RUNNING state, process has stayed up for > than 2 seconds (startsecs)
2025-07-11 16:43:01,573 INFO success: php-service entered RUNNING state, process has stayed up for > than 3 seconds (startsecs)
2025-07-11 16:50:08,037 WARN exited: report_metrics (exit status 255; not expected)
2025-07-11 16:50:09,039 INFO spawned: 'report_metrics' with pid 1519
2025-07-11 16:50:10,053 WARN exited: report_metrics (exit status 1; not expected)
2025-07-11 16:50:11,056 INFO spawned: 'report_metrics' with pid 1520
2025-07-11 16:50:13,329 INFO success: report_metrics entered RUNNING state, process has stayed up for > than 2 seconds (startsecs)
2025-07-11 16:53:41,330 WARN exited: report_metrics (exit status 255; not expected)
2025-07-11 16:53:42,332 INFO spawned: 'report_metrics' with pid 2259
2025-07-11 16:53:43,345 WARN exited: report_metrics (exit status 1; not expected)
2025-07-11 16:53:44,347 INFO spawned: 'report_metrics' with pid 2260
2025-07-11 16:53:45,361 WARN exited: report_metrics (exit status 1; not expected)
2025-07-11 16:53:47,365 INFO spawned: 'report_metrics' with pid 2261
2025-07-11 16:53:48,379 WARN exited: report_metrics (exit status 1; not expected)
2025-07-11 16:53:51,384 INFO spawned: 'report_metrics' with pid 2262
2025-07-11 16:53:52,398 WARN exited: report_metrics (exit status 1; not expected)
2025-07-11 16:53:53,399 INFO gave up: report_metrics entered FATAL state, too many start retries too quickly
2025-07-11 16:56:07,649 WARN received SIGTERM indicating exit request
2025-07-11 16:56:07,649 INFO waiting for php-service to die
2025-07-11 16:56:09,653 WARN stopped: php-service (terminated by SIGTERM)
2025-07-11 16:56:15,186 CRIT Supervisor is running as root.  Privileges were not dropped because no user is specified in the config file.  If you intend to run as root, you can set user=root in the config file to avoid this message.
2025-07-11 16:56:15,187 INFO supervisord started with pid 1
2025-07-11 16:56:16,189 INFO spawned: 'php-service' with pid 9
2025-07-11 16:56:16,190 INFO spawned: 'report_metrics' with pid 10
2025-07-11 16:56:18,492 INFO success: report_metrics entered RUNNING state, process has stayed up for > than 2 seconds (startsecs)
2025-07-11 16:56:19,494 INFO success: php-service entered RUNNING state, process has stayed up for > than 3 seconds (startsecs)
2025-07-11 17:00:28,331 WARN exited: report_metrics (exit status 255; not expected)
2025-07-11 17:00:29,333 INFO spawned: 'report_metrics' with pid 908
2025-07-11 17:00:30,356 WARN exited: report_metrics (exit status 1; not expected)
2025-07-11 17:00:31,359 INFO spawned: 'report_metrics' with pid 909
2025-07-11 17:00:32,373 WARN exited: report_metrics (exit status 1; not expected)
2025-07-11 17:00:34,377 INFO spawned: 'report_metrics' with pid 910
2025-07-11 17:00:35,391 WARN exited: report_metrics (exit status 1; not expected)
2025-07-11 17:00:38,395 INFO spawned: 'report_metrics' with pid 911
2025-07-11 17:00:40,628 INFO success: report_metrics entered RUNNING state, process has stayed up for > than 2 seconds (startsecs)
2025-07-11 17:21:08,089 WARN exited: report_metrics (exit status 255; not expected)
2025-07-11 17:21:08,375 INFO spawned: 'report_metrics' with pid 5160
2025-07-11 17:21:09,389 WARN exited: report_metrics (exit status 1; not expected)
2025-07-11 17:21:10,392 INFO spawned: 'report_metrics' with pid 5161
2025-07-11 17:21:11,406 WARN exited: report_metrics (exit status 1; not expected)
2025-07-11 17:21:13,409 INFO spawned: 'report_metrics' with pid 5162
2025-07-11 17:21:14,424 WARN exited: report_metrics (exit status 1; not expected)
2025-07-11 17:21:17,429 INFO spawned: 'report_metrics' with pid 5163
2025-07-11 17:21:18,443 WARN exited: report_metrics (exit status 1; not expected)
2025-07-11 17:21:19,445 INFO gave up: report_metrics entered FATAL state, too many start retries too quickly
2025-07-11 17:22:50,970 WARN received SIGTERM indicating exit request
2025-07-11 17:22:50,970 INFO waiting for php-service to die
2025-07-11 17:22:52,972 WARN stopped: php-service (terminated by SIGTERM)
2025-07-11 17:23:59,235 CRIT Supervisor is running as root.  Privileges were not dropped because no user is specified in the config file.  If you intend to run as root, you can set user=root in the config file to avoid this message.
2025-07-11 17:23:59,235 INFO supervisord started with pid 1
2025-07-11 17:24:00,238 INFO spawned: 'php-service' with pid 9
2025-07-11 17:24:00,239 INFO spawned: 'report_metrics' with pid 10
2025-07-11 17:24:02,421 INFO success: report_metrics entered RUNNING state, process has stayed up for > than 2 seconds (startsecs)
2025-07-11 17:24:03,422 INFO success: php-service entered RUNNING state, process has stayed up for > than 3 seconds (startsecs)
2025-07-11 17:34:12,099 WARN received SIGTERM indicating exit request
2025-07-11 17:34:12,099 INFO waiting for php-service, report_metrics to die
2025-07-11 17:34:12,100 WARN stopped: report_metrics (terminated by SIGTERM)
2025-07-11 17:34:13,101 WARN stopped: php-service (terminated by SIGTERM)
2025-07-11 17:45:52,245 CRIT Supervisor is running as root.  Privileges were not dropped because no user is specified in the config file.  If you intend to run as root, you can set user=root in the config file to avoid this message.
2025-07-11 17:45:52,245 INFO supervisord started with pid 1
2025-07-11 17:45:53,247 INFO spawned: 'php-service' with pid 9
2025-07-11 17:45:53,248 INFO spawned: 'report_metrics' with pid 10
2025-07-11 17:45:55,429 INFO success: report_metrics entered RUNNING state, process has stayed up for > than 2 seconds (startsecs)
2025-07-11 17:45:56,430 INFO success: php-service entered RUNNING state, process has stayed up for > than 3 seconds (startsecs)
2025-07-11 17:54:06,070 WARN exited: report_metrics (exit status 255; not expected)
2025-07-11 17:54:07,073 INFO spawned: 'report_metrics' with pid 1736
2025-07-11 17:54:09,364 INFO success: report_metrics entered RUNNING state, process has stayed up for > than 2 seconds (startsecs)
2025-07-11 17:58:50,294 WARN exited: report_metrics (exit status 255; not expected)
2025-07-11 17:58:51,297 INFO spawned: 'report_metrics' with pid 2727
2025-07-11 17:58:52,311 WARN exited: report_metrics (exit status 1; not expected)
2025-07-11 17:58:53,314 INFO spawned: 'report_metrics' with pid 2728
2025-07-11 17:58:54,329 WARN exited: report_metrics (exit status 1; not expected)
2025-07-11 17:58:56,333 INFO spawned: 'report_metrics' with pid 2729
2025-07-11 17:58:57,347 WARN exited: report_metrics (exit status 1; not expected)
2025-07-11 17:59:00,352 INFO spawned: 'report_metrics' with pid 2730
2025-07-11 17:59:01,366 WARN exited: report_metrics (exit status 1; not expected)
2025-07-11 17:59:02,368 INFO gave up: report_metrics entered FATAL state, too many start retries too quickly
2025-07-11 18:02:16,057 WARN received SIGTERM indicating exit request
2025-07-11 18:02:16,057 INFO waiting for php-service to die
2025-07-11 18:02:18,061 WARN stopped: php-service (terminated by SIGTERM)
2025-07-11 18:09:36,186 CRIT Supervisor is running as root.  Privileges were not dropped because no user is specified in the config file.  If you intend to run as root, you can set user=root in the config file to avoid this message.
2025-07-11 18:09:36,186 INFO supervisord started with pid 1
2025-07-11 18:09:37,188 INFO spawned: 'php-service' with pid 9
2025-07-11 18:09:37,190 INFO spawned: 'report_metrics' with pid 10
2025-07-11 18:09:39,369 INFO success: report_metrics entered RUNNING state, process has stayed up for > than 2 seconds (startsecs)
2025-07-11 18:09:40,370 INFO success: php-service entered RUNNING state, process has stayed up for > than 3 seconds (startsecs)
2025-07-11 18:17:51,435 WARN received SIGTERM indicating exit request
2025-07-11 18:17:51,435 INFO waiting for php-service, report_metrics to die
2025-07-11 18:17:51,436 WARN stopped: report_metrics (terminated by SIGTERM)
2025-07-11 18:17:52,437 WARN stopped: php-service (terminated by SIGTERM)
2025-07-11 18:28:44,004 CRIT Supervisor is running as root.  Privileges were not dropped because no user is specified in the config file.  If you intend to run as root, you can set user=root in the config file to avoid this message.
2025-07-11 18:28:44,005 INFO supervisord started with pid 1
2025-07-11 18:28:45,006 INFO spawned: 'php-service' with pid 10
2025-07-11 18:28:45,007 INFO spawned: 'report_metrics' with pid 11
2025-07-11 18:28:47,189 INFO success: report_metrics entered RUNNING state, process has stayed up for > than 2 seconds (startsecs)
2025-07-11 18:28:48,190 INFO success: php-service entered RUNNING state, process has stayed up for > than 3 seconds (startsecs)
2025-07-11 18:36:36,941 WARN exited: report_metrics (exit status 255; not expected)
2025-07-11 18:36:37,944 INFO spawned: 'report_metrics' with pid 1664
2025-07-11 18:36:38,958 WARN exited: report_metrics (exit status 1; not expected)
2025-07-11 18:36:39,960 INFO spawned: 'report_metrics' with pid 1665
2025-07-11 18:36:40,974 WARN exited: report_metrics (exit status 1; not expected)
2025-07-11 18:36:42,978 INFO spawned: 'report_metrics' with pid 1666
2025-07-11 18:36:43,992 WARN exited: report_metrics (exit status 1; not expected)
2025-07-11 18:36:46,997 INFO spawned: 'report_metrics' with pid 1667
2025-07-11 18:36:49,230 INFO success: report_metrics entered RUNNING state, process has stayed up for > than 2 seconds (startsecs)
2025-07-11 18:42:11,538 WARN exited: report_metrics (exit status 255; not expected)
2025-07-11 18:42:12,540 INFO spawned: 'report_metrics' with pid 2802
2025-07-11 18:42:13,560 WARN exited: report_metrics (exit status 1; not expected)
2025-07-11 18:42:14,563 INFO spawned: 'report_metrics' with pid 2803
2025-07-11 18:42:15,577 WARN exited: report_metrics (exit status 1; not expected)
2025-07-11 18:42:17,581 INFO spawned: 'report_metrics' with pid 2804
2025-07-11 18:42:19,842 INFO success: report_metrics entered RUNNING state, process has stayed up for > than 2 seconds (startsecs)
2025-07-11 19:14:57,652 WARN received SIGTERM indicating exit request
2025-07-11 19:14:57,652 INFO waiting for php-service, report_metrics to die
2025-07-11 19:14:57,653 WARN stopped: report_metrics (terminated by SIGTERM)
2025-07-11 19:14:58,655 WARN stopped: php-service (terminated by SIGTERM)
2025-07-11 19:26:26,306 CRIT Supervisor is running as root.  Privileges were not dropped because no user is specified in the config file.  If you intend to run as root, you can set user=root in the config file to avoid this message.
2025-07-11 19:26:26,307 INFO supervisord started with pid 1
2025-07-11 19:26:27,309 INFO spawned: 'php-service' with pid 9
2025-07-11 19:26:27,310 INFO spawned: 'report_metrics' with pid 10
2025-07-11 19:26:29,494 INFO success: report_metrics entered RUNNING state, process has stayed up for > than 2 seconds (startsecs)
2025-07-11 19:26:30,495 INFO success: php-service entered RUNNING state, process has stayed up for > than 3 seconds (startsecs)
2025-07-11 22:02:29,780 WARN exited: report_metrics (exit status 255; not expected)
2025-07-11 22:02:30,782 INFO spawned: 'report_metrics' with pid 32221
2025-07-11 22:02:31,796 WARN exited: report_metrics (exit status 1; not expected)
2025-07-11 22:02:32,799 INFO spawned: 'report_metrics' with pid 32222
2025-07-11 22:02:33,813 WARN exited: report_metrics (exit status 1; not expected)
2025-07-11 22:02:35,816 INFO spawned: 'report_metrics' with pid 32223
2025-07-11 22:02:36,831 WARN exited: report_metrics (exit status 1; not expected)
2025-07-11 22:02:39,836 INFO spawned: 'report_metrics' with pid 32224
2025-07-11 22:02:40,850 WARN exited: report_metrics (exit status 1; not expected)
2025-07-11 22:02:41,852 INFO gave up: report_metrics entered FATAL state, too many start retries too quickly
2025-07-11 23:02:12,676 WARN received SIGTERM indicating exit request
2025-07-11 23:02:12,676 INFO waiting for php-service to die
2025-07-11 23:02:14,679 WARN stopped: php-service (terminated by SIGTERM)
2025-07-12 05:28:16,076 CRIT Supervisor is running as root.  Privileges were not dropped because no user is specified in the config file.  If you intend to run as root, you can set user=root in the config file to avoid this message.
2025-07-12 05:28:16,077 INFO supervisord started with pid 1
2025-07-12 05:28:17,079 INFO spawned: 'php-service' with pid 9
2025-07-12 05:28:17,080 INFO spawned: 'report_metrics' with pid 10
2025-07-12 05:28:17,105 WARN exited: report_metrics (exit status 1; not expected)
2025-07-12 05:28:18,150 INFO spawned: 'report_metrics' with pid 23
2025-07-12 05:28:19,165 WARN exited: report_metrics (exit status 1; not expected)
2025-07-12 05:28:20,167 INFO success: php-service entered RUNNING state, process has stayed up for > than 3 seconds (startsecs)
2025-07-12 05:28:21,169 INFO spawned: 'report_metrics' with pid 24
2025-07-12 05:28:22,183 WARN exited: report_metrics (exit status 1; not expected)
2025-07-12 05:28:25,188 INFO spawned: 'report_metrics' with pid 25
2025-07-12 05:28:26,203 WARN exited: report_metrics (exit status 1; not expected)
2025-07-12 05:28:27,205 INFO gave up: report_metrics entered FATAL state, too many start retries too quickly
2025-07-12 06:09:38,100 WARN received SIGTERM indicating exit request
2025-07-12 06:09:38,100 INFO waiting for php-service to die
2025-07-12 06:09:40,103 WARN stopped: php-service (terminated by SIGTERM)
2025-07-14 07:08:39,011 CRIT Supervisor is running as root.  Privileges were not dropped because no user is specified in the config file.  If you intend to run as root, you can set user=root in the config file to avoid this message.
2025-07-14 07:08:39,012 INFO supervisord started with pid 1
2025-07-14 07:08:40,014 INFO spawned: 'php-service' with pid 9
2025-07-14 07:08:40,016 INFO spawned: 'report_metrics' with pid 10
2025-07-14 07:08:42,260 INFO success: report_metrics entered RUNNING state, process has stayed up for > than 2 seconds (startsecs)
2025-07-14 07:08:43,261 INFO success: php-service entered RUNNING state, process has stayed up for > than 3 seconds (startsecs)
2025-07-14 07:11:30,602 WARN received SIGTERM indicating exit request
2025-07-14 07:11:30,602 INFO waiting for php-service, report_metrics to die
2025-07-14 07:11:30,603 WARN stopped: report_metrics (terminated by SIGTERM)
2025-07-14 07:11:31,605 WARN stopped: php-service (terminated by SIGTERM)
2025-07-15 07:27:16,665 CRIT Supervisor is running as root.  Privileges were not dropped because no user is specified in the config file.  If you intend to run as root, you can set user=root in the config file to avoid this message.
2025-07-15 07:27:16,666 INFO supervisord started with pid 1
2025-07-15 07:27:17,668 INFO spawned: 'php-service' with pid 9
2025-07-15 07:27:17,669 INFO spawned: 'report_metrics' with pid 10
2025-07-15 07:27:19,986 INFO success: report_metrics entered RUNNING state, process has stayed up for > than 2 seconds (startsecs)
2025-07-15 07:27:20,988 INFO success: php-service entered RUNNING state, process has stayed up for > than 3 seconds (startsecs)
2025-07-15 07:56:55,066 WARN received SIGTERM indicating exit request
2025-07-15 07:56:55,066 INFO waiting for php-service, report_metrics to die
2025-07-15 07:56:55,067 WARN stopped: report_metrics (terminated by SIGTERM)
2025-07-15 07:56:56,068 WARN stopped: php-service (terminated by SIGTERM)
2025-07-15 08:02:35,586 CRIT Supervisor is running as root.  Privileges were not dropped because no user is specified in the config file.  If you intend to run as root, you can set user=root in the config file to avoid this message.
2025-07-15 08:02:35,587 INFO supervisord started with pid 1
2025-07-15 08:02:36,589 INFO spawned: 'php-service' with pid 9
2025-07-15 08:02:36,590 INFO spawned: 'report_metrics' with pid 10
2025-07-15 08:02:39,475 INFO success: report_metrics entered RUNNING state, process has stayed up for > than 2 seconds (startsecs)
2025-07-15 08:02:40,476 INFO success: php-service entered RUNNING state, process has stayed up for > than 3 seconds (startsecs)
2025-07-15 08:03:53,247 WARN received SIGTERM indicating exit request
2025-07-15 08:03:53,247 INFO waiting for php-service, report_metrics to die
2025-07-15 08:03:53,248 WARN stopped: report_metrics (terminated by SIGTERM)
2025-07-15 08:03:54,250 WARN stopped: php-service (terminated by SIGTERM)
2025-07-15 08:03:56,023 CRIT Supervisor is running as root.  Privileges were not dropped because no user is specified in the config file.  If you intend to run as root, you can set user=root in the config file to avoid this message.
2025-07-15 08:03:56,023 INFO supervisord started with pid 1
2025-07-15 08:03:57,026 INFO spawned: 'php-service' with pid 9
2025-07-15 08:03:57,027 INFO spawned: 'report_metrics' with pid 10
2025-07-15 08:03:59,327 INFO success: report_metrics entered RUNNING state, process has stayed up for > than 2 seconds (startsecs)
2025-07-15 08:04:00,328 INFO success: php-service entered RUNNING state, process has stayed up for > than 3 seconds (startsecs)
2025-07-15 08:11:00,026 WARN received SIGTERM indicating exit request
2025-07-15 08:11:00,026 INFO waiting for php-service, report_metrics to die
2025-07-15 08:11:00,027 WARN stopped: report_metrics (terminated by SIGTERM)
2025-07-15 08:11:01,029 WARN stopped: php-service (terminated by SIGTERM)
2025-07-15 14:23:43,527 CRIT Supervisor is running as root.  Privileges were not dropped because no user is specified in the config file.  If you intend to run as root, you can set user=root in the config file to avoid this message.
2025-07-15 14:23:43,528 INFO supervisord started with pid 1
2025-07-15 14:23:44,530 INFO spawned: 'php-service' with pid 9
2025-07-15 14:23:44,532 INFO spawned: 'report_metrics' with pid 10
2025-07-15 14:23:46,830 INFO success: report_metrics entered RUNNING state, process has stayed up for > than 2 seconds (startsecs)
2025-07-15 14:23:47,832 INFO success: php-service entered RUNNING state, process has stayed up for > than 3 seconds (startsecs)
2025-07-15 14:30:59,705 WARN exited: report_metrics (exit status 255; not expected)
2025-07-15 14:31:00,707 INFO spawned: 'report_metrics' with pid 1537
2025-07-15 14:31:01,721 WARN exited: report_metrics (exit status 1; not expected)
2025-07-15 14:31:02,723 INFO spawned: 'report_metrics' with pid 1538
2025-07-15 14:31:03,738 WARN exited: report_metrics (exit status 1; not expected)
2025-07-15 14:31:05,741 INFO spawned: 'report_metrics' with pid 1539
2025-07-15 14:31:06,755 WARN exited: report_metrics (exit status 1; not expected)
2025-07-15 14:31:09,760 INFO spawned: 'report_metrics' with pid 1540
2025-07-15 14:31:10,774 WARN exited: report_metrics (exit status 1; not expected)
2025-07-15 14:31:11,775 INFO gave up: report_metrics entered FATAL state, too many start retries too quickly
2025-07-15 16:17:52,986 WARN received SIGTERM indicating exit request
2025-07-15 16:17:52,986 INFO waiting for php-service to die
2025-07-15 16:17:54,990 WARN stopped: php-service (terminated by SIGTERM)
2025-07-15 16:18:06,373 CRIT Supervisor is running as root.  Privileges were not dropped because no user is specified in the config file.  If you intend to run as root, you can set user=root in the config file to avoid this message.
2025-07-15 16:18:06,374 INFO supervisord started with pid 1
2025-07-15 16:18:07,377 INFO spawned: 'php-service' with pid 9
2025-07-15 16:18:07,378 INFO spawned: 'report_metrics' with pid 10
2025-07-15 16:18:09,612 INFO success: report_metrics entered RUNNING state, process has stayed up for > than 2 seconds (startsecs)
2025-07-15 16:18:10,614 INFO success: php-service entered RUNNING state, process has stayed up for > than 3 seconds (startsecs)
2025-07-15 16:22:09,165 WARN exited: report_metrics (exit status 255; not expected)
2025-07-15 16:22:10,168 INFO spawned: 'report_metrics' with pid 872
2025-07-15 16:22:11,182 WARN exited: report_metrics (exit status 1; not expected)
2025-07-15 16:22:12,185 INFO spawned: 'report_metrics' with pid 873
2025-07-15 16:22:13,199 WARN exited: report_metrics (exit status 1; not expected)
2025-07-15 16:22:15,203 INFO spawned: 'report_metrics' with pid 874
2025-07-15 16:22:16,217 WARN exited: report_metrics (exit status 1; not expected)
2025-07-15 16:22:19,222 INFO spawned: 'report_metrics' with pid 875
2025-07-15 16:22:20,236 WARN exited: report_metrics (exit status 1; not expected)
2025-07-15 16:22:21,238 INFO gave up: report_metrics entered FATAL state, too many start retries too quickly
2025-07-15 16:42:08,273 WARN received SIGTERM indicating exit request
2025-07-15 16:42:08,273 INFO waiting for php-service to die
2025-07-15 16:42:10,276 WARN stopped: php-service (terminated by SIGTERM)
2025-07-15 16:43:34,155 CRIT Supervisor is running as root.  Privileges were not dropped because no user is specified in the config file.  If you intend to run as root, you can set user=root in the config file to avoid this message.
2025-07-15 16:43:34,156 INFO supervisord started with pid 1
2025-07-15 16:43:35,159 INFO spawned: 'php-service' with pid 9
2025-07-15 16:43:35,160 INFO spawned: 'report_metrics' with pid 10
2025-07-15 16:43:35,180 WARN exited: report_metrics (exit status 1; not expected)
2025-07-15 16:43:36,220 INFO spawned: 'report_metrics' with pid 25
2025-07-15 16:43:37,234 WARN exited: report_metrics (exit status 1; not expected)
2025-07-15 16:43:38,235 INFO success: php-service entered RUNNING state, process has stayed up for > than 3 seconds (startsecs)
2025-07-15 16:43:39,237 INFO spawned: 'report_metrics' with pid 26
2025-07-15 16:43:40,251 WARN exited: report_metrics (exit status 1; not expected)
2025-07-15 16:43:43,256 INFO spawned: 'report_metrics' with pid 27
2025-07-15 16:43:44,274 WARN exited: report_metrics (exit status 1; not expected)
2025-07-15 16:43:45,276 INFO gave up: report_metrics entered FATAL state, too many start retries too quickly
2025-07-15 16:49:08,311 WARN received SIGTERM indicating exit request
2025-07-15 16:49:08,311 INFO waiting for php-service to die
2025-07-15 16:49:10,314 WARN stopped: php-service (terminated by SIGTERM)
2025-07-15 16:49:22,810 CRIT Supervisor is running as root.  Privileges were not dropped because no user is specified in the config file.  If you intend to run as root, you can set user=root in the config file to avoid this message.
2025-07-15 16:49:22,811 INFO supervisord started with pid 1
2025-07-15 16:49:23,813 INFO spawned: 'php-service' with pid 9
2025-07-15 16:49:23,814 INFO spawned: 'report_metrics' with pid 10
2025-07-15 16:49:26,020 INFO success: report_metrics entered RUNNING state, process has stayed up for > than 2 seconds (startsecs)
2025-07-15 16:49:27,021 INFO success: php-service entered RUNNING state, process has stayed up for > than 3 seconds (startsecs)
2025-07-15 16:53:33,120 WARN exited: report_metrics (exit status 255; not expected)
2025-07-15 16:53:34,123 INFO spawned: 'report_metrics' with pid 911
2025-07-15 16:53:35,137 WARN exited: report_metrics (exit status 1; not expected)
2025-07-15 16:53:36,140 INFO spawned: 'report_metrics' with pid 912
2025-07-15 16:53:37,154 WARN exited: report_metrics (exit status 1; not expected)
2025-07-15 16:53:39,158 INFO spawned: 'report_metrics' with pid 913
2025-07-15 16:53:40,172 WARN exited: report_metrics (exit status 1; not expected)
2025-07-15 16:53:43,177 INFO spawned: 'report_metrics' with pid 914
2025-07-15 16:53:44,194 WARN exited: report_metrics (exit status 1; not expected)
2025-07-15 16:53:45,195 INFO gave up: report_metrics entered FATAL state, too many start retries too quickly
2025-07-15 16:58:42,868 WARN received SIGTERM indicating exit request
2025-07-15 16:58:42,868 INFO waiting for php-service to die
2025-07-15 16:58:44,871 WARN stopped: php-service (terminated by SIGTERM)
2025-07-15 17:10:16,530 CRIT Supervisor is running as root.  Privileges were not dropped because no user is specified in the config file.  If you intend to run as root, you can set user=root in the config file to avoid this message.
2025-07-15 17:10:16,531 INFO supervisord started with pid 1
2025-07-15 17:10:17,533 INFO spawned: 'php-service' with pid 9
2025-07-15 17:10:17,534 INFO spawned: 'report_metrics' with pid 10
2025-07-15 17:10:19,734 INFO success: report_metrics entered RUNNING state, process has stayed up for > than 2 seconds (startsecs)
2025-07-15 17:10:20,735 INFO success: php-service entered RUNNING state, process has stayed up for > than 3 seconds (startsecs)
2025-07-15 17:50:15,728 WARN received SIGTERM indicating exit request
2025-07-15 17:50:15,729 INFO waiting for php-service, report_metrics to die
2025-07-15 17:50:15,730 WARN stopped: report_metrics (terminated by SIGTERM)
2025-07-15 17:50:16,731 WARN stopped: php-service (terminated by SIGTERM)
2025-07-15 18:06:49,573 CRIT Supervisor is running as root.  Privileges were not dropped because no user is specified in the config file.  If you intend to run as root, you can set user=root in the config file to avoid this message.
2025-07-15 18:06:49,574 INFO supervisord started with pid 1
2025-07-15 18:06:50,575 INFO spawned: 'php-service' with pid 9
2025-07-15 18:06:50,576 INFO spawned: 'report_metrics' with pid 10
2025-07-15 18:06:50,596 WARN exited: report_metrics (exit status 1; not expected)
2025-07-15 18:06:51,639 INFO spawned: 'report_metrics' with pid 24
2025-07-15 18:06:52,652 WARN exited: report_metrics (exit status 1; not expected)
2025-07-15 18:06:53,654 INFO success: php-service entered RUNNING state, process has stayed up for > than 3 seconds (startsecs)
2025-07-15 18:06:54,656 INFO spawned: 'report_metrics' with pid 25
2025-07-15 18:06:55,673 WARN exited: report_metrics (exit status 1; not expected)
2025-07-15 18:06:58,678 INFO spawned: 'report_metrics' with pid 26
2025-07-15 18:06:59,696 WARN exited: report_metrics (exit status 1; not expected)
2025-07-15 18:07:00,697 INFO gave up: report_metrics entered FATAL state, too many start retries too quickly
2025-07-15 18:49:47,010 WARN received SIGTERM indicating exit request
2025-07-15 18:49:47,010 INFO waiting for php-service to die
2025-07-15 18:49:49,013 WARN stopped: php-service (terminated by SIGTERM)
2025-07-15 18:52:10,277 CRIT Supervisor is running as root.  Privileges were not dropped because no user is specified in the config file.  If you intend to run as root, you can set user=root in the config file to avoid this message.
2025-07-15 18:52:10,278 INFO supervisord started with pid 1
2025-07-15 18:52:11,280 INFO spawned: 'php-service' with pid 9
2025-07-15 18:52:11,283 INFO spawned: 'report_metrics' with pid 10
2025-07-15 18:52:11,310 WARN exited: report_metrics (exit status 1; not expected)
2025-07-15 18:52:12,354 INFO spawned: 'report_metrics' with pid 23
2025-07-15 18:52:13,369 WARN exited: report_metrics (exit status 1; not expected)
2025-07-15 18:52:14,370 INFO success: php-service entered RUNNING state, process has stayed up for > than 3 seconds (startsecs)
2025-07-15 18:52:15,373 INFO spawned: 'report_metrics' with pid 24
2025-07-15 18:52:16,387 WARN exited: report_metrics (exit status 1; not expected)
2025-07-15 18:52:19,392 INFO spawned: 'report_metrics' with pid 25
2025-07-15 18:52:20,406 WARN exited: report_metrics (exit status 1; not expected)
2025-07-15 18:52:21,408 INFO gave up: report_metrics entered FATAL state, too many start retries too quickly
2025-07-15 19:19:17,523 WARN received SIGTERM indicating exit request
2025-07-15 19:19:17,523 INFO waiting for php-service to die
2025-07-15 19:19:19,527 WARN stopped: php-service (terminated by SIGTERM)
2025-07-16 02:04:47,606 CRIT Supervisor is running as root.  Privileges were not dropped because no user is specified in the config file.  If you intend to run as root, you can set user=root in the config file to avoid this message.
2025-07-16 02:04:47,607 INFO supervisord started with pid 1
2025-07-16 02:04:48,609 INFO spawned: 'php-service' with pid 9
2025-07-16 02:04:48,611 INFO spawned: 'report_metrics' with pid 10
2025-07-16 02:04:50,818 INFO success: report_metrics entered RUNNING state, process has stayed up for > than 2 seconds (startsecs)
2025-07-16 02:04:51,820 INFO success: php-service entered RUNNING state, process has stayed up for > than 3 seconds (startsecs)
2025-07-16 02:15:47,492 WARN exited: report_metrics (exit status 255; not expected)
2025-07-16 02:15:48,495 INFO spawned: 'report_metrics' with pid 2340
2025-07-16 02:15:49,511 WARN exited: report_metrics (exit status 1; not expected)
2025-07-16 02:15:50,513 INFO spawned: 'report_metrics' with pid 2341
2025-07-16 02:15:51,527 WARN exited: report_metrics (exit status 1; not expected)
2025-07-16 02:15:53,531 INFO spawned: 'report_metrics' with pid 2342
2025-07-16 02:15:54,545 WARN exited: report_metrics (exit status 1; not expected)
2025-07-16 02:15:57,550 INFO spawned: 'report_metrics' with pid 2343
2025-07-16 02:15:58,564 WARN exited: report_metrics (exit status 1; not expected)
2025-07-16 02:15:59,566 INFO gave up: report_metrics entered FATAL state, too many start retries too quickly
2025-07-16 02:18:49,199 WARN received SIGTERM indicating exit request
2025-07-16 02:18:49,199 INFO waiting for php-service to die
2025-07-16 02:18:51,203 WARN stopped: php-service (terminated by SIGTERM)
2025-07-16 02:22:39,957 CRIT Supervisor is running as root.  Privileges were not dropped because no user is specified in the config file.  If you intend to run as root, you can set user=root in the config file to avoid this message.
2025-07-16 02:22:39,958 INFO supervisord started with pid 1
2025-07-16 02:22:40,960 INFO spawned: 'php-service' with pid 9
2025-07-16 02:22:40,961 INFO spawned: 'report_metrics' with pid 10
2025-07-16 02:22:43,164 INFO success: report_metrics entered RUNNING state, process has stayed up for > than 2 seconds (startsecs)
2025-07-16 02:22:44,165 INFO success: php-service entered RUNNING state, process has stayed up for > than 3 seconds (startsecs)
2025-07-16 02:25:01,723 WARN exited: report_metrics (exit status 255; not expected)
2025-07-16 02:25:02,725 INFO spawned: 'report_metrics' with pid 530
2025-07-16 02:25:03,739 WARN exited: report_metrics (exit status 1; not expected)
2025-07-16 02:25:05,170 INFO spawned: 'report_metrics' with pid 531
2025-07-16 02:25:06,183 WARN exited: report_metrics (exit status 1; not expected)
2025-07-16 02:25:08,186 INFO spawned: 'report_metrics' with pid 532
2025-07-16 02:25:10,370 INFO success: report_metrics entered RUNNING state, process has stayed up for > than 2 seconds (startsecs)
2025-07-16 02:30:24,648 WARN received SIGTERM indicating exit request
2025-07-16 02:30:24,649 INFO waiting for php-service, report_metrics to die
2025-07-16 02:30:24,650 WARN stopped: report_metrics (terminated by SIGTERM)
2025-07-16 02:30:25,652 WARN stopped: php-service (terminated by SIGTERM)
2025-07-16 02:41:38,666 CRIT Supervisor is running as root.  Privileges were not dropped because no user is specified in the config file.  If you intend to run as root, you can set user=root in the config file to avoid this message.
2025-07-16 02:41:38,667 INFO supervisord started with pid 1
2025-07-16 02:41:39,669 INFO spawned: 'php-service' with pid 9
2025-07-16 02:41:39,670 INFO spawned: 'report_metrics' with pid 10
2025-07-16 02:41:41,874 INFO success: report_metrics entered RUNNING state, process has stayed up for > than 2 seconds (startsecs)
2025-07-16 02:41:42,876 INFO success: php-service entered RUNNING state, process has stayed up for > than 3 seconds (startsecs)
2025-07-16 02:48:41,307 WARN received SIGTERM indicating exit request
2025-07-16 02:48:41,307 INFO waiting for php-service, report_metrics to die
2025-07-16 02:48:41,308 WARN stopped: report_metrics (terminated by SIGTERM)
2025-07-16 02:48:42,310 WARN stopped: php-service (terminated by SIGTERM)
2025-07-16 02:59:22,670 CRIT Supervisor is running as root.  Privileges were not dropped because no user is specified in the config file.  If you intend to run as root, you can set user=root in the config file to avoid this message.
2025-07-16 02:59:22,671 INFO supervisord started with pid 1
2025-07-16 02:59:23,673 INFO spawned: 'php-service' with pid 9
2025-07-16 02:59:23,674 INFO spawned: 'report_metrics' with pid 10
2025-07-16 02:59:25,873 INFO success: report_metrics entered RUNNING state, process has stayed up for > than 2 seconds (startsecs)
2025-07-16 02:59:26,875 INFO success: php-service entered RUNNING state, process has stayed up for > than 3 seconds (startsecs)
2025-07-16 03:03:59,304 WARN received SIGTERM indicating exit request
2025-07-16 03:03:59,304 INFO waiting for php-service, report_metrics to die
2025-07-16 03:03:59,305 WARN stopped: report_metrics (terminated by SIGTERM)
2025-07-16 03:04:00,306 WARN stopped: php-service (terminated by SIGTERM)
2025-07-16 04:07:36,971 CRIT Supervisor is running as root.  Privileges were not dropped because no user is specified in the config file.  If you intend to run as root, you can set user=root in the config file to avoid this message.
2025-07-16 04:07:36,972 INFO supervisord started with pid 1
2025-07-16 04:07:37,973 INFO spawned: 'php-service' with pid 9
2025-07-16 04:07:37,975 INFO spawned: 'report_metrics' with pid 10
2025-07-16 04:07:37,995 WARN exited: report_metrics (exit status 1; not expected)
2025-07-16 04:07:39,035 INFO spawned: 'report_metrics' with pid 24
2025-07-16 04:07:40,052 WARN exited: report_metrics (exit status 1; not expected)
2025-07-16 04:07:41,053 INFO success: php-service entered RUNNING state, process has stayed up for > than 3 seconds (startsecs)
2025-07-16 04:07:42,056 INFO spawned: 'report_metrics' with pid 25
2025-07-16 04:07:43,070 WARN exited: report_metrics (exit status 1; not expected)
2025-07-16 04:07:46,074 INFO spawned: 'report_metrics' with pid 26
2025-07-16 04:07:47,088 WARN exited: report_metrics (exit status 1; not expected)
2025-07-16 04:07:48,090 INFO gave up: report_metrics entered FATAL state, too many start retries too quickly
2025-07-16 04:10:06,397 WARN received SIGTERM indicating exit request
2025-07-16 04:10:06,397 INFO waiting for php-service to die
2025-07-16 04:10:08,400 WARN stopped: php-service (terminated by SIGTERM)
2025-07-16 07:21:09,282 CRIT Supervisor is running as root.  Privileges were not dropped because no user is specified in the config file.  If you intend to run as root, you can set user=root in the config file to avoid this message.
2025-07-16 07:21:09,284 INFO supervisord started with pid 1
2025-07-16 07:21:10,286 INFO spawned: 'php-service' with pid 9
2025-07-16 07:21:10,288 INFO spawned: 'report_metrics' with pid 10
2025-07-16 07:21:10,308 WARN exited: report_metrics (exit status 1; not expected)
2025-07-16 07:21:11,349 INFO spawned: 'report_metrics' with pid 24
2025-07-16 07:21:12,363 WARN exited: report_metrics (exit status 1; not expected)
2025-07-16 07:21:13,365 INFO success: php-service entered RUNNING state, process has stayed up for > than 3 seconds (startsecs)
2025-07-16 07:21:14,367 INFO spawned: 'report_metrics' with pid 25
2025-07-16 07:21:15,389 WARN exited: report_metrics (exit status 1; not expected)
2025-07-16 07:21:19,006 INFO spawned: 'report_metrics' with pid 28
2025-07-16 07:21:20,021 WARN exited: report_metrics (exit status 1; not expected)
2025-07-16 07:21:21,022 INFO gave up: report_metrics entered FATAL state, too many start retries too quickly
2025-07-16 07:23:50,401 WARN received SIGTERM indicating exit request
2025-07-16 07:23:50,402 INFO waiting for php-service to die
2025-07-16 07:23:52,404 WARN stopped: php-service (terminated by SIGTERM)
2025-07-16 07:24:04,568 CRIT Supervisor is running as root.  Privileges were not dropped because no user is specified in the config file.  If you intend to run as root, you can set user=root in the config file to avoid this message.
2025-07-16 07:24:04,569 INFO supervisord started with pid 1
2025-07-16 07:24:05,571 INFO spawned: 'php-service' with pid 9
2025-07-16 07:24:05,572 INFO spawned: 'report_metrics' with pid 10
2025-07-16 07:24:08,155 INFO success: report_metrics entered RUNNING state, process has stayed up for > than 2 seconds (startsecs)
2025-07-16 07:24:09,156 INFO success: php-service entered RUNNING state, process has stayed up for > than 3 seconds (startsecs)
2025-07-16 07:31:57,364 WARN received SIGTERM indicating exit request
2025-07-16 07:31:57,365 INFO waiting for php-service, report_metrics to die
2025-07-16 07:31:57,365 WARN stopped: report_metrics (terminated by SIGTERM)
2025-07-16 07:31:58,367 WARN stopped: php-service (terminated by SIGTERM)
2025-07-16 07:31:58,367 INFO reaped unknown pid 1067 (exit status 0)
2025-07-16 07:33:31,102 CRIT Supervisor is running as root.  Privileges were not dropped because no user is specified in the config file.  If you intend to run as root, you can set user=root in the config file to avoid this message.
2025-07-16 07:33:31,103 INFO supervisord started with pid 1
2025-07-16 07:33:32,105 INFO spawned: 'php-service' with pid 9
2025-07-16 07:33:32,106 INFO spawned: 'report_metrics' with pid 10
2025-07-16 07:33:32,126 WARN exited: report_metrics (exit status 1; not expected)
2025-07-16 07:33:33,168 INFO spawned: 'report_metrics' with pid 24
2025-07-16 07:33:34,183 WARN exited: report_metrics (exit status 1; not expected)
2025-07-16 07:33:35,184 INFO success: php-service entered RUNNING state, process has stayed up for > than 3 seconds (startsecs)
2025-07-16 07:33:36,187 INFO spawned: 'report_metrics' with pid 25
2025-07-16 07:33:37,207 WARN exited: report_metrics (exit status 1; not expected)
2025-07-16 07:33:40,212 INFO spawned: 'report_metrics' with pid 26
2025-07-16 07:33:41,234 WARN exited: report_metrics (exit status 1; not expected)
2025-07-16 07:33:42,235 INFO gave up: report_metrics entered FATAL state, too many start retries too quickly
2025-07-16 07:35:57,549 WARN received SIGTERM indicating exit request
2025-07-16 07:35:57,549 INFO waiting for php-service to die
2025-07-16 07:35:59,552 WARN stopped: php-service (terminated by SIGTERM)
2025-07-16 07:36:01,141 CRIT Supervisor is running as root.  Privileges were not dropped because no user is specified in the config file.  If you intend to run as root, you can set user=root in the config file to avoid this message.
2025-07-16 07:36:01,142 INFO supervisord started with pid 1
2025-07-16 07:36:02,143 INFO spawned: 'php-service' with pid 9
2025-07-16 07:36:02,144 INFO spawned: 'report_metrics' with pid 10
2025-07-16 07:36:04,506 INFO success: report_metrics entered RUNNING state, process has stayed up for > than 2 seconds (startsecs)
2025-07-16 07:36:05,507 INFO success: php-service entered RUNNING state, process has stayed up for > than 3 seconds (startsecs)
2025-07-16 07:42:23,493 WARN exited: report_metrics (exit status 255; not expected)
2025-07-16 07:42:24,495 INFO spawned: 'report_metrics' with pid 912
2025-07-16 07:42:25,510 WARN exited: report_metrics (exit status 1; not expected)
2025-07-16 07:42:26,513 INFO spawned: 'report_metrics' with pid 913
2025-07-16 07:42:27,527 WARN exited: report_metrics (exit status 1; not expected)
2025-07-16 07:42:29,531 INFO spawned: 'report_metrics' with pid 914
2025-07-16 07:42:30,546 WARN exited: report_metrics (exit status 1; not expected)
2025-07-16 07:42:33,552 INFO spawned: 'report_metrics' with pid 915
2025-07-16 07:42:34,566 WARN exited: report_metrics (exit status 1; not expected)
2025-07-16 07:42:35,568 INFO gave up: report_metrics entered FATAL state, too many start retries too quickly
2025-07-16 07:43:12,615 WARN received SIGTERM indicating exit request
2025-07-16 07:43:12,615 INFO waiting for php-service to die
2025-07-16 07:43:14,237 WARN stopped: php-service (terminated by SIGTERM)
2025-07-16 07:43:23,417 CRIT Supervisor is running as root.  Privileges were not dropped because no user is specified in the config file.  If you intend to run as root, you can set user=root in the config file to avoid this message.
2025-07-16 07:43:23,418 INFO supervisord started with pid 1
2025-07-16 07:43:24,420 INFO spawned: 'php-service' with pid 9
2025-07-16 07:43:24,421 INFO spawned: 'report_metrics' with pid 10
2025-07-16 07:43:26,892 INFO success: report_metrics entered RUNNING state, process has stayed up for > than 2 seconds (startsecs)
2025-07-16 07:43:27,893 INFO success: php-service entered RUNNING state, process has stayed up for > than 3 seconds (startsecs)
2025-07-16 07:52:16,327 WARN exited: report_metrics (exit status 255; not expected)
2025-07-16 07:52:17,329 INFO spawned: 'report_metrics' with pid 1256
2025-07-16 07:52:18,344 WARN exited: report_metrics (exit status 1; not expected)
2025-07-16 07:52:19,346 INFO spawned: 'report_metrics' with pid 1257
2025-07-16 07:52:19,347 WARN received SIGTERM indicating exit request
2025-07-16 07:52:19,347 INFO waiting for php-service, report_metrics to die
2025-07-16 07:52:20,360 WARN stopped: report_metrics (exit status 1)
2025-07-16 07:52:21,362 WARN stopped: php-service (terminated by SIGTERM)
2025-07-16 08:13:31,833 CRIT Supervisor is running as root.  Privileges were not dropped because no user is specified in the config file.  If you intend to run as root, you can set user=root in the config file to avoid this message.
2025-07-16 08:13:31,834 INFO supervisord started with pid 1
2025-07-16 08:13:32,836 INFO spawned: 'php-service' with pid 9
2025-07-16 08:13:32,837 INFO spawned: 'report_metrics' with pid 10
2025-07-16 08:13:35,549 INFO success: report_metrics entered RUNNING state, process has stayed up for > than 2 seconds (startsecs)
2025-07-16 08:13:36,551 INFO success: php-service entered RUNNING state, process has stayed up for > than 3 seconds (startsecs)
2025-07-16 08:27:28,492 WARN received SIGTERM indicating exit request
2025-07-16 08:27:28,492 INFO waiting for php-service, report_metrics to die
2025-07-16 08:27:28,492 WARN stopped: report_metrics (terminated by SIGTERM)
2025-07-16 08:27:28,492 INFO reaped unknown pid 1951 (exit status 0)
2025-07-16 08:27:29,494 WARN stopped: php-service (terminated by SIGTERM)
2025-07-16 08:28:56,408 CRIT Supervisor is running as root.  Privileges were not dropped because no user is specified in the config file.  If you intend to run as root, you can set user=root in the config file to avoid this message.
2025-07-16 08:28:56,409 INFO supervisord started with pid 1
2025-07-16 08:28:57,411 INFO spawned: 'php-service' with pid 9
2025-07-16 08:28:57,412 INFO spawned: 'report_metrics' with pid 10
2025-07-16 08:29:00,143 INFO success: report_metrics entered RUNNING state, process has stayed up for > than 2 seconds (startsecs)
2025-07-16 08:29:01,144 INFO success: php-service entered RUNNING state, process has stayed up for > than 3 seconds (startsecs)
2025-07-16 08:40:44,593 WARN received SIGTERM indicating exit request
2025-07-16 08:40:44,593 INFO waiting for php-service, report_metrics to die
2025-07-16 08:40:44,594 WARN stopped: report_metrics (terminated by SIGTERM)
2025-07-16 08:40:45,596 WARN stopped: php-service (terminated by SIGTERM)
2025-07-16 08:42:11,622 CRIT Supervisor is running as root.  Privileges were not dropped because no user is specified in the config file.  If you intend to run as root, you can set user=root in the config file to avoid this message.
2025-07-16 08:42:11,623 INFO supervisord started with pid 1
2025-07-16 08:42:12,625 INFO spawned: 'php-service' with pid 9
2025-07-16 08:42:12,626 INFO spawned: 'report_metrics' with pid 10
2025-07-16 08:42:15,347 INFO success: report_metrics entered RUNNING state, process has stayed up for > than 2 seconds (startsecs)
2025-07-16 08:42:16,348 INFO success: php-service entered RUNNING state, process has stayed up for > than 3 seconds (startsecs)
2025-07-16 08:46:38,808 WARN exited: report_metrics (exit status 255; not expected)
2025-07-16 08:46:39,811 INFO spawned: 'report_metrics' with pid 641
2025-07-16 08:46:40,824 WARN exited: report_metrics (exit status 1; not expected)
2025-07-16 08:46:41,827 INFO spawned: 'report_metrics' with pid 642
2025-07-16 08:46:42,841 WARN exited: report_metrics (exit status 1; not expected)
2025-07-16 08:46:44,845 INFO spawned: 'report_metrics' with pid 643
2025-07-16 08:46:45,858 WARN exited: report_metrics (exit status 1; not expected)
2025-07-16 08:46:48,863 INFO spawned: 'report_metrics' with pid 644
2025-07-16 08:46:49,877 WARN exited: report_metrics (exit status 1; not expected)
2025-07-16 08:46:50,879 INFO gave up: report_metrics entered FATAL state, too many start retries too quickly
2025-07-16 09:08:52,759 WARN received SIGTERM indicating exit request
2025-07-16 09:08:52,759 INFO waiting for php-service to die
2025-07-16 09:08:54,762 WARN stopped: php-service (terminated by SIGTERM)
2025-07-16 09:09:02,491 CRIT Supervisor is running as root.  Privileges were not dropped because no user is specified in the config file.  If you intend to run as root, you can set user=root in the config file to avoid this message.
2025-07-16 09:09:02,492 INFO supervisord started with pid 1
2025-07-16 09:09:03,494 INFO spawned: 'php-service' with pid 9
2025-07-16 09:09:03,495 INFO spawned: 'report_metrics' with pid 10
2025-07-16 09:09:05,940 INFO success: report_metrics entered RUNNING state, process has stayed up for > than 2 seconds (startsecs)
2025-07-16 09:09:06,941 INFO success: php-service entered RUNNING state, process has stayed up for > than 3 seconds (startsecs)
2025-07-16 09:12:12,877 WARN received SIGTERM indicating exit request
2025-07-16 09:12:12,877 INFO waiting for php-service, report_metrics to die
2025-07-16 09:12:12,878 WARN stopped: report_metrics (terminated by SIGTERM)
2025-07-16 09:12:13,879 WARN stopped: php-service (terminated by SIGTERM)
2025-07-16 09:12:13,879 INFO reaped unknown pid 462 (exit status 2)
2025-07-16 09:12:22,291 CRIT Supervisor is running as root.  Privileges were not dropped because no user is specified in the config file.  If you intend to run as root, you can set user=root in the config file to avoid this message.
2025-07-16 09:12:22,292 INFO supervisord started with pid 1
2025-07-16 09:12:23,294 INFO spawned: 'php-service' with pid 9
2025-07-16 09:12:23,295 INFO spawned: 'report_metrics' with pid 10
2025-07-16 09:12:26,086 INFO success: report_metrics entered RUNNING state, process has stayed up for > than 2 seconds (startsecs)
2025-07-16 09:12:27,087 INFO success: php-service entered RUNNING state, process has stayed up for > than 3 seconds (startsecs)
2025-07-16 09:16:27,436 WARN exited: report_metrics (exit status 255; not expected)
2025-07-16 09:16:28,439 INFO spawned: 'report_metrics' with pid 597
2025-07-16 09:16:29,453 WARN exited: report_metrics (exit status 1; not expected)
2025-07-16 09:16:30,455 INFO spawned: 'report_metrics' with pid 598
2025-07-16 09:16:33,150 INFO success: report_metrics entered RUNNING state, process has stayed up for > than 2 seconds (startsecs)
2025-07-16 09:22:25,886 WARN exited: report_metrics (exit status 255; not expected)
2025-07-16 09:22:26,888 INFO spawned: 'report_metrics' with pid 1424
2025-07-16 09:22:29,348 INFO success: report_metrics entered RUNNING state, process has stayed up for > than 2 seconds (startsecs)
2025-07-16 09:28:07,926 WARN exited: report_metrics (exit status 255; not expected)
2025-07-16 09:28:08,929 INFO spawned: 'report_metrics' with pid 2220
2025-07-16 09:28:09,943 WARN exited: report_metrics (exit status 1; not expected)
2025-07-16 09:28:10,946 INFO spawned: 'report_metrics' with pid 2221
2025-07-16 09:28:11,961 WARN exited: report_metrics (exit status 1; not expected)
2025-07-16 09:28:13,964 INFO spawned: 'report_metrics' with pid 2222
2025-07-16 09:28:14,979 WARN exited: report_metrics (exit status 1; not expected)
2025-07-16 09:28:17,984 INFO spawned: 'report_metrics' with pid 2223
2025-07-16 09:28:20,419 INFO success: report_metrics entered RUNNING state, process has stayed up for > than 2 seconds (startsecs)
2025-07-16 09:29:38,941 WARN exited: report_metrics (exit status 255; not expected)
2025-07-16 09:29:39,944 INFO spawned: 'report_metrics' with pid 2419
2025-07-16 09:29:40,958 WARN exited: report_metrics (exit status 1; not expected)
2025-07-16 09:29:41,961 INFO spawned: 'report_metrics' with pid 2420
2025-07-16 09:29:42,975 WARN exited: report_metrics (exit status 1; not expected)
2025-07-16 09:29:45,866 INFO spawned: 'report_metrics' with pid 2421
2025-07-16 09:29:46,880 WARN exited: report_metrics (exit status 1; not expected)
2025-07-16 09:29:49,885 INFO spawned: 'report_metrics' with pid 2422
2025-07-16 09:29:50,900 WARN exited: report_metrics (exit status 1; not expected)
2025-07-16 09:29:51,901 INFO gave up: report_metrics entered FATAL state, too many start retries too quickly
2025-07-16 09:52:15,978 WARN received SIGTERM indicating exit request
2025-07-16 09:52:15,978 INFO waiting for php-service to die
2025-07-16 09:52:17,980 WARN stopped: php-service (terminated by SIGTERM)
2025-07-16 09:52:28,003 CRIT Supervisor is running as root.  Privileges were not dropped because no user is specified in the config file.  If you intend to run as root, you can set user=root in the config file to avoid this message.
2025-07-16 09:52:28,004 INFO supervisord started with pid 1
2025-07-16 09:52:29,005 INFO spawned: 'php-service' with pid 9
2025-07-16 09:52:29,007 INFO spawned: 'report_metrics' with pid 10
2025-07-16 09:52:31,366 INFO success: report_metrics entered RUNNING state, process has stayed up for > than 2 seconds (startsecs)
2025-07-16 09:52:32,367 INFO success: php-service entered RUNNING state, process has stayed up for > than 3 seconds (startsecs)
2025-07-16 10:30:21,644 WARN received SIGTERM indicating exit request
2025-07-16 10:30:21,644 INFO waiting for php-service, report_metrics to die
2025-07-16 10:30:21,644 WARN stopped: report_metrics (terminated by SIGTERM)
2025-07-16 10:30:22,646 WARN stopped: php-service (terminated by SIGTERM)
2025-07-16 10:31:01,203 CRIT Supervisor is running as root.  Privileges were not dropped because no user is specified in the config file.  If you intend to run as root, you can set user=root in the config file to avoid this message.
2025-07-16 10:31:01,204 INFO supervisord started with pid 1
2025-07-16 10:31:02,205 INFO spawned: 'php-service' with pid 9
2025-07-16 10:31:02,206 INFO spawned: 'report_metrics' with pid 10
2025-07-16 10:31:04,747 INFO success: report_metrics entered RUNNING state, process has stayed up for > than 2 seconds (startsecs)
2025-07-16 10:31:05,747 INFO success: php-service entered RUNNING state, process has stayed up for > than 3 seconds (startsecs)
2025-07-16 10:51:03,646 WARN received SIGTERM indicating exit request
2025-07-16 10:51:03,646 INFO waiting for php-service, report_metrics to die
2025-07-16 10:51:03,647 WARN stopped: report_metrics (terminated by SIGTERM)
2025-07-16 10:51:04,648 WARN stopped: php-service (terminated by SIGTERM)
2025-07-16 10:52:26,098 CRIT Supervisor is running as root.  Privileges were not dropped because no user is specified in the config file.  If you intend to run as root, you can set user=root in the config file to avoid this message.
2025-07-16 10:52:26,099 INFO supervisord started with pid 1
2025-07-16 10:52:27,101 INFO spawned: 'php-service' with pid 9
2025-07-16 10:52:27,102 INFO spawned: 'report_metrics' with pid 10
2025-07-16 10:52:29,802 INFO success: report_metrics entered RUNNING state, process has stayed up for > than 2 seconds (startsecs)
2025-07-16 10:52:30,803 INFO success: php-service entered RUNNING state, process has stayed up for > than 3 seconds (startsecs)
2025-07-16 11:02:41,378 WARN received SIGTERM indicating exit request
2025-07-16 11:02:41,378 INFO waiting for php-service, report_metrics to die
2025-07-16 11:02:41,380 WARN stopped: report_metrics (terminated by SIGTERM)
2025-07-16 11:02:42,381 WARN stopped: php-service (terminated by SIGTERM)
2025-07-16 11:02:42,382 INFO reaped unknown pid 1435 (exit status 2)
2025-07-16 11:03:28,299 CRIT Supervisor is running as root.  Privileges were not dropped because no user is specified in the config file.  If you intend to run as root, you can set user=root in the config file to avoid this message.
2025-07-16 11:03:28,299 INFO supervisord started with pid 1
2025-07-16 11:03:29,301 INFO spawned: 'php-service' with pid 9
2025-07-16 11:03:29,303 INFO spawned: 'report_metrics' with pid 10
2025-07-16 11:03:31,813 INFO success: report_metrics entered RUNNING state, process has stayed up for > than 2 seconds (startsecs)
2025-07-16 11:03:32,814 INFO success: php-service entered RUNNING state, process has stayed up for > than 3 seconds (startsecs)
2025-07-16 11:21:01,052 WARN exited: report_metrics (exit status 255; not expected)
2025-07-16 11:21:02,054 INFO spawned: 'report_metrics' with pid 2442
2025-07-16 11:21:03,068 WARN exited: report_metrics (exit status 1; not expected)
2025-07-16 11:21:04,070 INFO spawned: 'report_metrics' with pid 2443
2025-07-16 11:21:05,084 WARN exited: report_metrics (exit status 1; not expected)
2025-07-16 11:21:07,087 INFO spawned: 'report_metrics' with pid 2444
2025-07-16 11:21:08,102 WARN exited: report_metrics (exit status 1; not expected)
2025-07-16 11:21:11,106 INFO spawned: 'report_metrics' with pid 2445
2025-07-16 11:21:12,120 WARN exited: report_metrics (exit status 1; not expected)
2025-07-16 11:21:13,122 INFO gave up: report_metrics entered FATAL state, too many start retries too quickly
2025-07-16 11:22:53,885 WARN received SIGTERM indicating exit request
2025-07-16 11:22:53,885 INFO waiting for php-service to die
2025-07-16 11:22:55,888 WARN stopped: php-service (terminated by SIGTERM)
2025-07-16 11:23:03,274 CRIT Supervisor is running as root.  Privileges were not dropped because no user is specified in the config file.  If you intend to run as root, you can set user=root in the config file to avoid this message.
2025-07-16 11:23:03,274 INFO supervisord started with pid 1
2025-07-16 11:23:04,276 INFO spawned: 'php-service' with pid 9
2025-07-16 11:23:04,278 INFO spawned: 'report_metrics' with pid 10
2025-07-16 11:23:06,809 INFO success: report_metrics entered RUNNING state, process has stayed up for > than 2 seconds (startsecs)
2025-07-16 11:23:07,810 INFO success: php-service entered RUNNING state, process has stayed up for > than 3 seconds (startsecs)
2025-07-16 11:29:00,357 WARN exited: report_metrics (exit status 255; not expected)
2025-07-16 11:29:01,359 INFO spawned: 'report_metrics' with pid 791
2025-07-16 11:29:03,909 INFO success: report_metrics entered RUNNING state, process has stayed up for > than 2 seconds (startsecs)
2025-07-16 12:12:43,068 WARN exited: report_metrics (exit status 255; not expected)
2025-07-16 12:12:44,071 INFO spawned: 'report_metrics' with pid 6777
2025-07-16 12:12:45,084 WARN exited: report_metrics (exit status 1; not expected)
2025-07-16 12:12:46,086 INFO spawned: 'report_metrics' with pid 6778
2025-07-16 12:12:47,100 WARN exited: report_metrics (exit status 1; not expected)
2025-07-16 12:12:49,103 INFO spawned: 'report_metrics' with pid 6779
2025-07-16 12:12:49,887 WARN exited: report_metrics (exit status 1; not expected)
2025-07-16 12:12:52,892 INFO spawned: 'report_metrics' with pid 6780
2025-07-16 12:12:53,910 WARN exited: report_metrics (exit status 1; not expected)
2025-07-16 12:12:54,911 INFO gave up: report_metrics entered FATAL state, too many start retries too quickly
2025-07-16 12:13:48,975 WARN received SIGTERM indicating exit request
2025-07-16 12:13:48,975 INFO waiting for php-service to die
2025-07-16 12:13:50,113 WARN stopped: php-service (terminated by SIGTERM)
2025-07-16 12:13:58,691 CRIT Supervisor is running as root.  Privileges were not dropped because no user is specified in the config file.  If you intend to run as root, you can set user=root in the config file to avoid this message.
2025-07-16 12:13:58,692 INFO supervisord started with pid 1
2025-07-16 12:13:59,694 INFO spawned: 'php-service' with pid 9
2025-07-16 12:13:59,695 INFO spawned: 'report_metrics' with pid 10
2025-07-16 12:14:02,319 INFO success: report_metrics entered RUNNING state, process has stayed up for > than 2 seconds (startsecs)
2025-07-16 12:14:03,320 INFO success: php-service entered RUNNING state, process has stayed up for > than 3 seconds (startsecs)
2025-07-16 12:49:54,421 WARN received SIGTERM indicating exit request
2025-07-16 12:49:54,421 INFO waiting for php-service, report_metrics to die
2025-07-16 12:49:54,422 WARN stopped: report_metrics (terminated by SIGTERM)
2025-07-16 12:49:55,424 WARN stopped: php-service (terminated by SIGTERM)
2025-07-16 12:49:55,424 INFO reaped unknown pid 4945 (exit status 2)
2025-07-16 16:39:40,868 CRIT Supervisor is running as root.  Privileges were not dropped because no user is specified in the config file.  If you intend to run as root, you can set user=root in the config file to avoid this message.
2025-07-16 16:39:40,869 INFO supervisord started with pid 1
2025-07-16 16:39:41,871 INFO spawned: 'php-service' with pid 9
2025-07-16 16:39:41,872 INFO spawned: 'report_metrics' with pid 10
2025-07-16 16:39:44,447 INFO success: report_metrics entered RUNNING state, process has stayed up for > than 2 seconds (startsecs)
2025-07-16 16:39:45,449 INFO success: php-service entered RUNNING state, process has stayed up for > than 3 seconds (startsecs)
2025-07-16 16:44:23,798 WARN exited: report_metrics (exit status 255; not expected)
2025-07-16 16:44:24,801 INFO spawned: 'report_metrics' with pid 686
2025-07-16 16:44:27,414 INFO success: report_metrics entered RUNNING state, process has stayed up for > than 2 seconds (startsecs)
2025-07-16 16:46:57,130 WARN exited: report_metrics (exit status 255; not expected)
2025-07-16 16:46:58,133 INFO spawned: 'report_metrics' with pid 1047
2025-07-16 16:47:00,840 INFO success: report_metrics entered RUNNING state, process has stayed up for > than 2 seconds (startsecs)
2025-07-16 16:47:59,700 WARN exited: report_metrics (exit status 255; not expected)
2025-07-16 16:48:00,702 INFO spawned: 'report_metrics' with pid 1198
2025-07-16 16:48:01,718 WARN exited: report_metrics (exit status 1; not expected)
2025-07-16 16:48:02,720 INFO spawned: 'report_metrics' with pid 1199
2025-07-16 16:48:03,736 WARN exited: report_metrics (exit status 1; not expected)
2025-07-16 16:48:05,740 INFO spawned: 'report_metrics' with pid 1200
2025-07-16 16:48:06,755 WARN exited: report_metrics (exit status 1; not expected)
2025-07-16 16:48:10,654 INFO spawned: 'report_metrics' with pid 1201
2025-07-16 16:48:11,667 WARN exited: report_metrics (exit status 1; not expected)
2025-07-16 16:48:12,669 INFO gave up: report_metrics entered FATAL state, too many start retries too quickly
2025-07-16 16:55:17,160 WARN received SIGTERM indicating exit request
2025-07-16 16:55:17,160 INFO waiting for php-service to die
2025-07-16 16:55:19,163 WARN stopped: php-service (terminated by SIGTERM)
2025-07-16 16:55:26,552 CRIT Supervisor is running as root.  Privileges were not dropped because no user is specified in the config file.  If you intend to run as root, you can set user=root in the config file to avoid this message.
2025-07-16 16:55:26,552 INFO supervisord started with pid 1
2025-07-16 16:55:27,555 INFO spawned: 'php-service' with pid 9
2025-07-16 16:55:27,556 INFO spawned: 'report_metrics' with pid 10
2025-07-16 16:55:30,279 INFO success: report_metrics entered RUNNING state, process has stayed up for > than 2 seconds (startsecs)
2025-07-16 16:55:31,281 INFO success: php-service entered RUNNING state, process has stayed up for > than 3 seconds (startsecs)
2025-07-16 17:06:10,345 WARN exited: report_metrics (exit status 255; not expected)
2025-07-16 17:06:11,347 INFO spawned: 'report_metrics' with pid 1512
2025-07-16 17:06:12,362 WARN exited: report_metrics (exit status 1; not expected)
2025-07-16 17:06:13,364 INFO spawned: 'report_metrics' with pid 1513
2025-07-16 17:06:14,378 WARN exited: report_metrics (exit status 1; not expected)
2025-07-16 17:06:17,306 INFO spawned: 'report_metrics' with pid 1514
2025-07-16 17:06:18,320 WARN exited: report_metrics (exit status 1; not expected)
2025-07-16 17:06:21,325 INFO spawned: 'report_metrics' with pid 1515
2025-07-16 17:06:22,339 WARN exited: report_metrics (exit status 1; not expected)
2025-07-16 17:06:23,340 INFO gave up: report_metrics entered FATAL state, too many start retries too quickly
2025-07-16 17:06:53,377 WARN received SIGTERM indicating exit request
2025-07-16 17:06:53,377 INFO waiting for php-service to die
2025-07-16 17:06:55,381 WARN stopped: php-service (terminated by SIGTERM)
2025-07-16 17:07:02,478 CRIT Supervisor is running as root.  Privileges were not dropped because no user is specified in the config file.  If you intend to run as root, you can set user=root in the config file to avoid this message.
2025-07-16 17:07:02,479 INFO supervisord started with pid 1
2025-07-16 17:07:03,482 INFO spawned: 'php-service' with pid 9
2025-07-16 17:07:03,483 INFO spawned: 'report_metrics' with pid 10
2025-07-16 17:07:05,958 INFO success: report_metrics entered RUNNING state, process has stayed up for > than 2 seconds (startsecs)
2025-07-16 17:07:06,960 INFO success: php-service entered RUNNING state, process has stayed up for > than 3 seconds (startsecs)
2025-07-16 17:09:16,329 WARN exited: report_metrics (exit status 255; not expected)
2025-07-16 17:09:17,331 INFO spawned: 'report_metrics' with pid 341
2025-07-16 17:09:18,346 WARN exited: report_metrics (exit status 1; not expected)
2025-07-16 17:09:19,348 INFO spawned: 'report_metrics' with pid 342
2025-07-16 17:09:20,363 WARN exited: report_metrics (exit status 1; not expected)
2025-07-16 17:09:22,367 INFO spawned: 'report_metrics' with pid 343
2025-07-16 17:09:23,381 WARN exited: report_metrics (exit status 1; not expected)
2025-07-16 17:09:26,386 INFO spawned: 'report_metrics' with pid 344
2025-07-16 17:09:27,407 WARN exited: report_metrics (exit status 1; not expected)
2025-07-16 17:09:28,408 INFO gave up: report_metrics entered FATAL state, too many start retries too quickly
2025-07-16 17:10:27,668 WARN received SIGTERM indicating exit request
2025-07-16 17:10:27,668 INFO waiting for php-service to die
2025-07-16 17:10:29,672 WARN stopped: php-service (terminated by SIGTERM)
2025-07-16 17:10:39,690 CRIT Supervisor is running as root.  Privileges were not dropped because no user is specified in the config file.  If you intend to run as root, you can set user=root in the config file to avoid this message.
2025-07-16 17:10:39,691 INFO supervisord started with pid 1
2025-07-16 17:10:40,693 INFO spawned: 'php-service' with pid 9
2025-07-16 17:10:40,694 INFO spawned: 'report_metrics' with pid 10
2025-07-16 17:10:43,182 INFO success: report_metrics entered RUNNING state, process has stayed up for > than 2 seconds (startsecs)
2025-07-16 17:10:44,184 INFO success: php-service entered RUNNING state, process has stayed up for > than 3 seconds (startsecs)
2025-07-16 17:13:50,103 WARN received SIGTERM indicating exit request
2025-07-16 17:13:50,103 INFO waiting for php-service, report_metrics to die
2025-07-16 17:13:50,104 WARN stopped: report_metrics (terminated by SIGTERM)
2025-07-16 17:13:51,106 WARN stopped: php-service (terminated by SIGTERM)
2025-07-16 17:31:28,628 CRIT Supervisor is running as root.  Privileges were not dropped because no user is specified in the config file.  If you intend to run as root, you can set user=root in the config file to avoid this message.
2025-07-16 17:31:28,629 INFO supervisord started with pid 1
2025-07-16 17:31:29,631 INFO spawned: 'php-service' with pid 9
2025-07-16 17:31:29,633 INFO spawned: 'report_metrics' with pid 10
2025-07-16 17:31:32,242 INFO success: report_metrics entered RUNNING state, process has stayed up for > than 2 seconds (startsecs)
2025-07-16 17:31:33,244 INFO success: php-service entered RUNNING state, process has stayed up for > than 3 seconds (startsecs)
2025-07-16 17:39:13,069 WARN received SIGTERM indicating exit request
2025-07-16 17:39:13,069 INFO waiting for php-service, report_metrics to die
2025-07-16 17:39:13,070 WARN stopped: report_metrics (terminated by SIGTERM)
2025-07-16 17:39:13,070 INFO reaped unknown pid 1097 (exit status 0)
2025-07-16 17:39:14,072 WARN stopped: php-service (terminated by SIGTERM)
2025-07-16 17:39:52,344 CRIT Supervisor is running as root.  Privileges were not dropped because no user is specified in the config file.  If you intend to run as root, you can set user=root in the config file to avoid this message.
2025-07-16 17:39:52,344 INFO supervisord started with pid 1
2025-07-16 17:39:53,346 INFO spawned: 'php-service' with pid 9
2025-07-16 17:39:53,348 INFO spawned: 'report_metrics' with pid 10
2025-07-16 17:39:55,727 INFO success: report_metrics entered RUNNING state, process has stayed up for > than 2 seconds (startsecs)
2025-07-16 17:39:56,728 INFO success: php-service entered RUNNING state, process has stayed up for > than 3 seconds (startsecs)
2025-07-16 18:37:24,078 WARN received SIGTERM indicating exit request
2025-07-16 18:37:24,078 INFO waiting for php-service, report_metrics to die
2025-07-16 18:37:24,079 WARN stopped: report_metrics (terminated by SIGTERM)
2025-07-16 18:37:25,081 WARN stopped: php-service (terminated by SIGTERM)
2025-07-17 03:27:00,277 CRIT Supervisor is running as root.  Privileges were not dropped because no user is specified in the config file.  If you intend to run as root, you can set user=root in the config file to avoid this message.
2025-07-17 03:27:00,278 INFO supervisord started with pid 1
2025-07-17 03:27:01,280 INFO spawned: 'php-service' with pid 9
2025-07-17 03:27:01,281 INFO spawned: 'report_metrics' with pid 10
2025-07-17 03:27:03,783 INFO success: report_metrics entered RUNNING state, process has stayed up for > than 2 seconds (startsecs)
2025-07-17 03:27:04,784 INFO success: php-service entered RUNNING state, process has stayed up for > than 3 seconds (startsecs)
2025-07-17 03:45:00,265 WARN received SIGTERM indicating exit request
2025-07-17 03:45:00,265 INFO waiting for php-service, report_metrics to die
2025-07-17 03:45:01,266 WARN stopped: report_metrics (terminated by SIGTERM)
2025-07-17 03:45:02,268 WARN stopped: php-service (terminated by SIGTERM)
2025-07-17 13:53:41,585 CRIT Supervisor is running as root.  Privileges were not dropped because no user is specified in the config file.  If you intend to run as root, you can set user=root in the config file to avoid this message.
2025-07-17 13:53:41,586 INFO supervisord started with pid 1
2025-07-17 13:53:42,588 INFO spawned: 'php-service' with pid 9
2025-07-17 13:53:42,589 INFO spawned: 'report_metrics' with pid 10
2025-07-17 13:53:44,984 INFO success: report_metrics entered RUNNING state, process has stayed up for > than 2 seconds (startsecs)
2025-07-17 13:53:45,985 INFO success: php-service entered RUNNING state, process has stayed up for > than 3 seconds (startsecs)
2025-07-17 15:05:03,176 WARN exited: report_metrics (exit status 255; not expected)
2025-07-17 15:05:04,179 INFO spawned: 'report_metrics' with pid 9642
2025-07-17 15:05:05,193 WARN exited: report_metrics (exit status 1; not expected)
2025-07-17 15:05:06,195 INFO spawned: 'report_metrics' with pid 9643
2025-07-17 15:05:07,209 WARN exited: report_metrics (exit status 1; not expected)
2025-07-17 15:05:09,213 INFO spawned: 'report_metrics' with pid 9644
2025-07-17 15:05:10,227 WARN exited: report_metrics (exit status 1; not expected)
2025-07-17 15:05:13,232 INFO spawned: 'report_metrics' with pid 9645
2025-07-17 15:05:14,246 WARN exited: report_metrics (exit status 1; not expected)
2025-07-17 15:05:15,248 INFO gave up: report_metrics entered FATAL state, too many start retries too quickly
2025-07-17 15:05:46,167 WARN received SIGTERM indicating exit request
2025-07-17 15:05:46,167 INFO waiting for php-service to die
2025-07-17 15:05:48,170 WARN stopped: php-service (terminated by SIGTERM)
2025-07-17 16:04:00,106 CRIT Supervisor is running as root.  Privileges were not dropped because no user is specified in the config file.  If you intend to run as root, you can set user=root in the config file to avoid this message.
2025-07-17 16:04:00,106 INFO supervisord started with pid 1
2025-07-17 16:04:01,109 INFO spawned: 'php-service' with pid 9
2025-07-17 16:04:01,110 INFO spawned: 'report_metrics' with pid 10
2025-07-17 16:04:03,522 INFO success: report_metrics entered RUNNING state, process has stayed up for > than 2 seconds (startsecs)
2025-07-17 16:04:04,523 INFO success: php-service entered RUNNING state, process has stayed up for > than 3 seconds (startsecs)
2025-07-17 16:04:19,578 WARN received SIGTERM indicating exit request
2025-07-17 16:04:19,578 INFO waiting for php-service, report_metrics to die
2025-07-17 16:04:19,579 WARN stopped: report_metrics (terminated by SIGTERM)
2025-07-17 16:04:20,581 WARN stopped: php-service (terminated by SIGTERM)
2025-07-17 16:04:48,166 CRIT Supervisor is running as root.  Privileges were not dropped because no user is specified in the config file.  If you intend to run as root, you can set user=root in the config file to avoid this message.
2025-07-17 16:04:48,166 INFO supervisord started with pid 1
2025-07-17 16:04:49,168 INFO spawned: 'php-service' with pid 9
2025-07-17 16:04:49,169 INFO spawned: 'report_metrics' with pid 10
2025-07-17 16:04:51,802 INFO success: report_metrics entered RUNNING state, process has stayed up for > than 2 seconds (startsecs)
2025-07-17 16:04:52,803 INFO success: php-service entered RUNNING state, process has stayed up for > than 3 seconds (startsecs)
2025-07-17 16:38:01,618 WARN received SIGTERM indicating exit request
2025-07-17 16:38:01,618 INFO waiting for php-service, report_metrics to die
2025-07-17 16:38:01,768 WARN stopped: report_metrics (terminated by SIGTERM)
2025-07-17 16:38:01,768 INFO reaped unknown pid 4585 (exit status 2)
2025-07-17 16:38:02,770 WARN stopped: php-service (terminated by SIGTERM)
2025-07-18 00:24:06,307 CRIT Supervisor is running as root.  Privileges were not dropped because no user is specified in the config file.  If you intend to run as root, you can set user=root in the config file to avoid this message.
2025-07-18 00:24:06,308 INFO supervisord started with pid 1
2025-07-18 00:24:07,310 INFO spawned: 'php-service' with pid 9
2025-07-18 00:24:07,311 INFO spawned: 'report_metrics' with pid 10
2025-07-18 00:24:09,931 INFO success: report_metrics entered RUNNING state, process has stayed up for > than 2 seconds (startsecs)
2025-07-18 00:24:10,933 INFO success: php-service entered RUNNING state, process has stayed up for > than 3 seconds (startsecs)
2025-07-18 01:02:05,877 WARN received SIGTERM indicating exit request
2025-07-18 01:02:05,877 INFO waiting for php-service, report_metrics to die
2025-07-18 01:02:05,879 WARN stopped: report_metrics (terminated by SIGTERM)
2025-07-18 01:02:05,879 INFO reaped unknown pid 5253 (exit status 0)
2025-07-18 01:02:06,881 WARN stopped: php-service (terminated by SIGTERM)
2025-07-18 01:30:16,303 CRIT Supervisor is running as root.  Privileges were not dropped because no user is specified in the config file.  If you intend to run as root, you can set user=root in the config file to avoid this message.
2025-07-18 01:30:16,303 INFO supervisord started with pid 1
2025-07-18 01:30:17,306 INFO spawned: 'php-service' with pid 9
2025-07-18 01:30:17,307 INFO spawned: 'report_metrics' with pid 10
2025-07-18 01:30:19,857 INFO success: report_metrics entered RUNNING state, process has stayed up for > than 2 seconds (startsecs)
2025-07-18 01:30:20,858 INFO success: php-service entered RUNNING state, process has stayed up for > than 3 seconds (startsecs)
2025-07-18 01:32:14,751 WARN received SIGTERM indicating exit request
2025-07-18 01:32:14,751 INFO waiting for php-service, report_metrics to die
2025-07-18 01:32:14,752 WARN stopped: report_metrics (terminated by SIGTERM)
2025-07-18 01:32:15,754 WARN stopped: php-service (terminated by SIGTERM)
2025-07-18 01:32:15,754 INFO reaped unknown pid 295 (exit status 2)
2025-07-18 01:32:17,857 CRIT Supervisor is running as root.  Privileges were not dropped because no user is specified in the config file.  If you intend to run as root, you can set user=root in the config file to avoid this message.
2025-07-18 01:32:17,858 INFO supervisord started with pid 1
2025-07-18 01:32:18,859 INFO spawned: 'php-service' with pid 9
2025-07-18 01:32:18,860 INFO spawned: 'report_metrics' with pid 10
2025-07-18 01:32:21,409 INFO success: report_metrics entered RUNNING state, process has stayed up for > than 2 seconds (startsecs)
2025-07-18 01:32:22,411 INFO success: php-service entered RUNNING state, process has stayed up for > than 3 seconds (startsecs)
2025-07-18 04:36:14,864 WARN exited: report_metrics (exit status 255; not expected)
2025-07-18 04:36:15,867 INFO spawned: 'report_metrics' with pid 25049
2025-07-18 04:36:16,881 WARN exited: report_metrics (exit status 1; not expected)
2025-07-18 04:36:17,884 INFO spawned: 'report_metrics' with pid 25050
2025-07-18 04:36:18,905 WARN exited: report_metrics (exit status 1; not expected)
2025-07-18 04:36:19,907 WARN received SIGTERM indicating exit request
2025-07-18 04:36:19,907 INFO waiting for php-service to die
2025-07-18 04:36:21,910 WARN stopped: php-service (terminated by SIGTERM)
2025-07-18 04:37:28,553 CRIT Supervisor is running as root.  Privileges were not dropped because no user is specified in the config file.  If you intend to run as root, you can set user=root in the config file to avoid this message.
2025-07-18 04:37:28,554 INFO supervisord started with pid 1
2025-07-18 04:37:29,556 INFO spawned: 'php-service' with pid 9
2025-07-18 04:37:29,558 INFO spawned: 'report_metrics' with pid 10
2025-07-18 04:37:32,115 INFO success: report_metrics entered RUNNING state, process has stayed up for > than 2 seconds (startsecs)
2025-07-18 04:37:33,117 INFO success: php-service entered RUNNING state, process has stayed up for > than 3 seconds (startsecs)
2025-07-18 05:04:10,831 WARN exited: report_metrics (exit status 255; not expected)
2025-07-18 05:04:11,833 INFO spawned: 'report_metrics' with pid 3700
2025-07-18 05:04:12,847 WARN exited: report_metrics (exit status 1; not expected)
2025-07-18 05:04:13,849 INFO spawned: 'report_metrics' with pid 3701
2025-07-18 05:04:14,863 WARN exited: report_metrics (exit status 1; not expected)
2025-07-18 05:04:16,866 INFO spawned: 'report_metrics' with pid 3702
2025-07-18 05:04:16,867 WARN received SIGTERM indicating exit request
2025-07-18 05:04:16,867 INFO waiting for php-service, report_metrics to die
2025-07-18 05:04:17,880 WARN stopped: report_metrics (exit status 1)
2025-07-18 05:04:18,882 WARN stopped: php-service (terminated by SIGTERM)
2025-08-15 08:36:27,977 CRIT Supervisor is running as root.  Privileges were not dropped because no user is specified in the config file.  If you intend to run as root, you can set user=root in the config file to avoid this message.
2025-08-15 08:36:27,979 INFO supervisord started with pid 1
2025-08-15 08:36:28,981 INFO spawned: 'php-service' with pid 9
2025-08-15 08:36:28,982 INFO spawned: 'report_metrics' with pid 10
2025-08-15 08:36:31,618 INFO success: report_metrics entered RUNNING state, process has stayed up for > than 2 seconds (startsecs)
2025-08-15 08:36:32,619 INFO success: php-service entered RUNNING state, process has stayed up for > than 3 seconds (startsecs)
